Dataset;Trigger;WindowSize;PoolSize;CandidatePool;Split;SplitStartDate;SplitEndDate;DiscoveryOccurrences;Occurrences;AverageBestHit;WindowsAtLeast2;RateAtLeast2;WindowsAtLeast3;RateAtLeast3;WindowsAtLeast4;RateAtLeast4;WindowsAtLeast5;RateAtLeast5;WindowsAtLeast6;RateAtLeast6;RandomAverageBestHit;RandomRateAtLeast2;RandomRateAtLeast3;RandomRateAtLeast4;RandomRateAtLeast5;RandomRateAtLeast6;LiftAtLeast2PctPoints;LiftAtLeast3PctPoints;LiftAtLeast4PctPoints;LiftAtLeast5PctPoints;LiftAtLeast6PctPoints
NEW_MODE;1;9;13;02,18,20,23,25,47,55,63,75,78,83,84,90;DISCOVERY;2009-07-02;2020-05-28;112;112;2.517857;106;94.642857;51;45.535714;13;11.607143;0;0.0;0;0.0;2.1985;87.714286;28.953571;3.080357;0.107143;0.0;6.928571;16.582143;8.526786;-0.107143;0.0
NEW_MODE;1;9;13;02,18,20,23,25,47,55,63,75,78,83,84,90;VALIDATION;2020-05-30;2023-11-18;112;34;1.970588;29;85.294118;4;11.764706;0;0.0;0;0.0;0;0.0;2.203;87.647059;29.341177;3.182353;0.158824;0.0;-2.352941;-17.576471;-3.182353;-0.158824;0.0
NEW_MODE;1;9;13;02,18,20,23,25,47,55,63,75,78,83,84,90;TEST;2023-11-21;2026-08-04;112;39;2.282051;37;94.871795;10;25.641026;3;7.692308;0;0.0;0;0.0;2.203436;88.230769;28.948718;3.097436;0.071795;0.0;6.641026;-3.307692;4.594872;-0.071795;0.0
NEW_MODE;2;9;13;11,14,24,32,35,45,58,63,71,72,74,80,85;DISCOVERY;2009-07-02;2020-05-28;99;99;2.464646;93;93.939394;46;46.464646;6;6.060606;0;0.0;0;0.0;2.20105;87.854546;29.10707;3.040404;0.121212;0.0;6.084848;17.357576;3.020202;-0.121212;0.0
NEW_MODE;2;9;13;11,14,24,32,35,45,58,63,71,72,74,80,85;VALIDATION;2020-05-30;2023-11-18;99;25;2.04;19;76.0;7;28.0;0;0.0;0;0.0;0;0.0;2.19408;87.784;28.2;3.328;0.104;0.008;-11.784;-0.2;-3.328;-0.104;-0.008
NEW_MODE;2;9;13;11,14,24,32,35,45,58,63,71,72,74,80,85;TEST;2023-11-21;2026-08-04;99;42;2.166667;37;88.095238;11;26.190476;1;2.380952;0;0.0;0;0.0;2.202905;87.966667;29.114286;3.085714;0.142857;0.0;0.128571;-2.92381;-0.704762;-0.142857;0.0
NEW_MODE;3;9;13;06,09,12,20,24,27,62,63,69,72,78,80,85;DISCOVERY;2009-07-02;2020-05-28;92;92;2.630435;90;97.826087;52;56.521739;8;8.695652;0;0.0;0;0.0;2.199022;87.465217;29.126087;3.184783;0.134783;0.006522;10.36087;27.395652;5.510869;-0.134783;-0.006522
NEW_MODE;3;9;13;06,09,12,20,24,27,62,63,69,72,78,80,85;VALIDATION;2020-05-30;2023-11-18;92;35;2.142857;29;82.857143;10;28.571429;1;2.857143;0;0.0;0;0.0;2.202343;87.965714;28.88;3.245714;0.177143;0.0;-5.108571;-0.308571;-0.388571;-0.177143;0.0
NEW_MODE;3;9;13;06,09,12,20,24,27,62,63,69,72,78,80,85;TEST;2023-11-21;2026-08-04;92;35;2.228571;30;85.714286;12;34.285714;1;2.857143;0;0.0;0;0.0;2.206171;87.485714;29.565714;3.428572;0.154286;0.0;-1.771428;4.72;-0.571429;-0.154286;0.0
NEW_MODE;4;9;13;26,34,40,45,49,50,59,67,71,78,83,88,90;DISCOVERY;2009-07-02;2020-05-28;100;100;2.42;95;95.0;40;40.0;7;7.0;0;0.0;0;0.0;2.19758;87.628;28.828;3.2;0.12;0.004;7.372;11.172;3.8;-0.12;-0.004
NEW_MODE;4;9;13;26,34,40,45,49,50,59,67,71,78,83,88,90;VALIDATION;2020-05-30;2023-11-18;100;34;2.029412;26;76.470588;8;23.529412;1;2.941176;0;0.0;0;0.0;2.187118;86.82353;28.611765;3.123529;0.164706;0.0;-10.352942;-5.082353;-0.182353;-0.164706;0.0
NEW_MODE;4;9;13;26,34,40,45,49,50,59,67,71,78,83,88,90;TEST;2023-11-21;2026-08-04;100;40;2.275;36;90.0;13;32.5;2;5.0;0;0.0;0;0.0;2.2157;88.49;29.7;3.23;0.15;0.01;1.51;2.8;1.77;-0.15;-0.01
NEW_MODE;5;9;13;08,10,11,15,29,39,44,56,68,69,70,87,90;DISCOVERY;2009-07-02;2020-05-28;98;98;2.459184;95;96.938776;41;41.836735;7;7.142857;0;0.0;0;0.0;2.205694;88.153061;29.034694;3.234694;0.155102;0.006122;8.785715;12.802041;3.908163;-0.155102;-0.006122
NEW_MODE;5;9;13;08,10,11,15,29,39,44,56,68,69,70,87,90;VALIDATION;2020-05-30;2023-11-18;98;40;1.95;30;75.0;8;20.0;0;0.0;0;0.0;0;0.0;2.1894;87.405;28.52;2.95;0.07;0.0;-12.405;-8.52;-2.95;-0.07;0.0
NEW_MODE;5;9;13;08,10,11,15,29,39,44,56,68,69,70,87,90;TEST;2023-11-21;2026-08-04;98;41;2.097561;34;82.926829;10;24.390244;1;2.439024;0;0.0;0;0.0;2.200634;87.468293;28.980488;3.42439;0.195122;0.0;-4.541464;-4.590244;-0.985366;-0.195122;0.0
NEW_MODE;6;9;13;16,21,22,27,37,38,41,42,51,59,79,80,88;DISCOVERY;2009-07-02;2020-05-28;129;129;2.310078;120;93.023256;44;34.108527;5;3.875969;0;0.0;0;0.0;2.195085;87.427907;28.80155;3.122481;0.168992;0.003101;5.595349;5.306977;0.753488;-0.168992;-0.003101
NEW_MODE;6;9;13;16,21,22,27,37,38,41,42,51,59,79,80,88;VALIDATION;2020-05-30;2023-11-18;129;47;2.425532;42;89.361702;20;42.553191;4;8.510638;1;2.12766;0;0.0;2.189362;87.442553;28.485106;2.885106;0.131915;0.004255;1.919149;14.068085;5.625532;1.995745;-0.004255
NEW_MODE;6;9;13;16,21,22,27,37,38,41,42,51,59,79,80,88;TEST;2023-11-21;2026-08-04;129;43;2.44186;38;88.372093;19;44.186047;5;11.627907;0;0.0;0;0.0;2.19614;87.734884;28.637209;3.106977;0.148837;0.0;0.637209;15.548838;8.52093;-0.148837;0.0
NEW_MODE;7;9;13;04,20,21,36,44,46,48,56,58,71,81,83,90;DISCOVERY;2009-07-02;2020-05-28;95;95;2.452632;89;93.684211;40;42.105263;9;9.473684;0;0.0;0;0.0;2.203579;87.757895;29.258947;3.204211;0.151579;0.0;5.926316;12.846316;6.269473;-0.151579;0.0
NEW_MODE;7;9;13;04,20,21,36,44,46,48,56,58,71,81,83,90;VALIDATION;2020-05-30;2023-11-18;95;39;2.128205;36;92.307692;8;20.512821;0;0.0;0;0.0;0;0.0;2.20082;88.015385;29.05641;2.923077;0.107692;0.0;4.292307;-8.543589;-2.923077;-0.107692;0.0
NEW_MODE;7;9;13;04,20,21,36,44,46,48,56,58,71,81,83,90;TEST;2023-11-21;2026-08-04;95;39;2.102564;31;79.487179;10;25.641026;2;5.128205;0;0.0;0;0.0;2.194308;87.31282;28.789744;3.14359;0.194872;0.0;-7.825641;-3.148718;1.984615;-0.194872;0.0
NEW_MODE;8;9;13;01,03,04,25,29,38,40,45,56,58,72,75,80;DISCOVERY;2009-07-02;2020-05-28;106;106;2.443396;100;94.339623;46;43.396226;7;6.603774;0;0.0;0;0.0;2.200585;87.70566;29.003774;3.24717;0.124528;0.001887;6.633963;14.392452;3.356604;-0.124528;-0.001887
NEW_MODE;8;9;13;01,03,04,25,29,38,40,45,56,58,72,75,80;VALIDATION;2020-05-30;2023-11-18;106;29;2.137931;24;82.758621;7;24.137931;2;6.896552;0;0.0;0;0.0;2.198;87.662069;28.806897;3.165517;0.172414;0.0;-4.903448;-4.668966;3.731035;-0.172414;0.0
NEW_MODE;8;9;13;01,03,04,25,29,38,40,45,56,58,72,75,80;TEST;2023-11-21;2026-08-04;106;41;2.292683;39;95.121951;13;31.707317;1;2.439024;0;0.0;0;0.0;2.185658;87.04878;28.326829;3.063415;0.126829;0.0;8.073171;3.380488;-0.624391;-0.126829;0.0
NEW_MODE;9;9;13;11,13,14,17,37,44,45,51,52,63,64,77,84;DISCOVERY;2009-07-02;2020-05-28;120;120;2.441667;111;92.5;57;47.5;5;4.166667;0;0.0;0;0.0;2.199467;87.673333;29.04;3.081667;0.173333;0.0;4.826667;18.46;1.085;-0.173333;0.0
NEW_MODE;9;9;13;11,13,14,17,37,44,45,51,52,63,64,77,84;VALIDATION;2020-05-30;2023-11-18;120;48;2.145833;42;87.5;12;25.0;1;2.083333;0;0.0;0;0.0;2.195583;87.879167;28.366667;3.158333;0.170833;0.0;-0.379167;-3.366667;-1.075;-0.170833;0.0
NEW_MODE;9;9;13;11,13,14,17,37,44,45,51,52,63,64,77,84;TEST;2023-11-21;2026-08-04;120;34;2.088235;26;76.470588;10;29.411765;1;2.941176;0;0.0;0;0.0;2.191412;87.458824;28.429412;3.123529;0.135294;0.0;-10.988236;0.982353;-0.182353;-0.135294;0.0
NEW_MODE;10;9;13;12,19,32,37,39,55,56,66,71,74,77,82,87;DISCOVERY;2009-07-02;2020-05-28;108;108;2.518519;104;96.296296;50;46.296296;9;8.333333;1;0.925926;0;0.0;2.193019;87.316667;28.740741;3.114815;0.138889;0.005556;8.979629;17.555555;5.218518;0.787037;-0.005556
NEW_MODE;10;9;13;12,19,32,37,39,55,56,66,71,74,77,82,87;VALIDATION;2020-05-30;2023-11-18;108;39;2.358974;35;89.74359;15;38.461538;3;7.692308;0;0.0;0;0.0;2.196923;87.671795;28.774359;3.112821;0.148718;0.0;2.071795;9.687179;4.579487;-0.148718;0.0
NEW_MODE;10;9;13;12,19,32,37,39,55,56,66,71,74,77,82,87;TEST;2023-11-21;2026-08-04;108;39;2.128205;32;82.051282;11;28.205128;1;2.564103;0;0.0;0;0.0;2.198205;87.384615;28.994872;3.353846;0.087179;0.005128;-5.333333;-0.789744;-0.789743;-0.087179;-0.005128
NEW_MODE;11;9;13;07,08,19,22,27,40,44,45,51,59,63,78,86;DISCOVERY;2009-07-02;2020-05-28;120;120;2.433333;114;95.0;49;40.833333;9;7.5;0;0.0;0;0.0;2.1951;87.488333;28.791667;3.111667;0.135;0.001667;7.511667;12.041666;4.388333;-0.135;-0.001667
NEW_MODE;11;9;13;07,08,19,22,27,40,44,45,51,59,63,78,86;VALIDATION;2020-05-30;2023-11-18;120;27;2.444444;26;96.296296;11;40.740741;2;7.407407;0;0.0;0;0.0;2.209481;88.118519;29.385185;3.318519;0.133333;0.0;8.177777;11.355556;4.088888;-0.133333;0.0
NEW_MODE;11;9;13;07,08,19,22,27,40,44,45,51,59,63,78,86;TEST;2023-11-21;2026-08-04;120;41;1.829268;30;73.170732;4;9.756098;0;0.0;0;0.0;0;0.0;2.191951;87.634146;28.068293;3.385366;0.121951;0.0;-14.463414;-18.312195;-3.385366;-0.121951;0.0
NEW_MODE;12;9;13;01,09,10,14,30,44,49,52,53,61,62,63,72;DISCOVERY;2009-07-02;2020-05-28;114;114;2.324561;104;91.22807;42;36.842105;5;4.385965;0;0.0;0;0.0;2.203614;87.819298;29.273684;3.105263;0.168421;0.001754;3.408772;7.568421;1.280702;-0.168421;-0.001754
NEW_MODE;12;9;13;01,09,10,14,30,44,49,52,53,61,62,63,72;VALIDATION;2020-05-30;2023-11-18;114;28;2.214286;23;82.142857;8;28.571429;3;10.714286;0;0.0;0;0.0;2.199429;88.3;28.55;2.928572;0.185714;0.0;-6.157143;0.021429;7.785714;-0.185714;0.0
NEW_MODE;12;9;13;01,09,10,14,30,44,49,52,53,61,62,63,72;TEST;2023-11-21;2026-08-04;114;24;2.25;24;100.0;6;25.0;0;0.0;0;0.0;0;0.0;2.196833;87.683333;29.075;2.833333;0.108333;0.008333;12.316667;-4.075;-2.833333;-0.108333;-0.008333
NEW_MODE;13;9;13;09,10,11,21,35,37,38,48,55,58,60,85,90;DISCOVERY;2009-07-02;2020-05-28;97;97;2.587629;92;94.845361;48;49.484536;9;9.278351;5;5.154639;0;0.0;2.202928;87.63299;29.195876;3.338144;0.134021;0.0;7.212371;20.28866;5.940207;5.020618;0.0
NEW_MODE;13;9;13;09,10,11,21,35,37,38,48,55,58,60,85,90;VALIDATION;2020-05-30;2023-11-18;97;32;2.34375;30;93.75;11;34.375;2;6.25;0;0.0;0;0.0;2.20625;87.61875;29.54375;3.33125;0.1375;0.0125;6.13125;4.83125;2.91875;-0.1375;-0.0125
NEW_MODE;13;9;13;09,10,11,21,35,37,38,48,55,58,60,85,90;TEST;2023-11-21;2026-08-04;97;40;2;30;75.0;10;25.0;0;0.0;0;0.0;0;0.0;2.1967;87.955;28.605;3.03;0.115;0.0;-12.955;-3.605;-3.03;-0.115;0.0
NEW_MODE;14;9;13;01,02,03,16,19,25,33,34,45,50,52,80,84;DISCOVERY;2009-07-02;2020-05-28;99;99;2.414141;95;95.959596;39;39.393939;5;5.050505;1;1.010101;0;0.0;2.20202;87.547475;29.335353;3.218182;0.125253;0.0;8.412121;10.058586;1.832323;0.884848;0.0
NEW_MODE;14;9;13;01,02,03,16,19,25,33,34,45,50,52,80,84;VALIDATION;2020-05-30;2023-11-18;99;34;2.294118;30;88.235294;13;38.235294;1;2.941176;0;0.0;0;0.0;2.203;87.558824;29.582353;3.052941;0.135294;0.0;0.67647;8.652941;-0.111765;-0.135294;0.0
NEW_MODE;14;9;13;01,02,03,16,19,25,33,34,45,50,52,80,84;TEST;2023-11-21;2026-08-04;99;38;2.105263;34;89.473684;8;21.052632;0;0.0;0;0.0;0;0.0;2.188;87.289473;28.18421;3.2;0.126316;0.005263;2.184211;-7.131578;-3.2;-0.126316;-0.005263
NEW_MODE;15;9;13;06,11,20,22,26,36,37,47,51,61,77,78,90;DISCOVERY;2009-07-02;2020-05-28;117;117;2.555556;110;94.017094;55;47.008547;17;14.529915;0;0.0;0;0.0;2.200547;87.723077;29.105983;3.080342;0.158974;0.005128;6.294017;17.902564;11.449573;-0.158974;-0.005128
NEW_MODE;15;9;13;06,11,20,22,26,36,37,47,51,61,77,78,90;VALIDATION;2020-05-30;2023-11-18;117;44;2.090909;37;84.090909;11;25.0;0;0.0;0;0.0;0;0.0;2.202727;88.25;28.868182;2.990909;0.177273;0.0;-4.159091;-3.868182;-2.990909;-0.177273;0.0
NEW_MODE;15;9;13;06,11,20,22,26,36,37,47,51,61,77,78,90;TEST;2023-11-21;2026-08-04;117;28;2.107143;22;78.571429;9;32.142857;0;0.0;0;0.0;0;0.0;2.206143;88.464286;29.3;2.757143;0.092857;0.0;-9.892857;2.842857;-2.757143;-0.092857;0.0
NEW_MODE;16;9;13;03,10,14,15,27,36,42,43,47,69,74,80,86;DISCOVERY;2009-07-02;2020-05-28;116;116;2.474138;114;98.275862;45;38.793103;10;8.62069;2;1.724138;0;0.0;2.197741;87.6;28.9;3.113793;0.168966;0.001724;10.675862;9.893103;5.506897;1.555172;-0.001724
NEW_MODE;16;9;13;03,10,14,15,27,36,42,43,47,69,74,80,86;VALIDATION;2020-05-30;2023-11-18;116;29;2.137931;24;82.758621;8;27.586207;1;3.448276;0;0.0;0;0.0;2.206759;88.22069;29.137931;3.193104;0.144828;0.0;-5.462069;-1.551724;0.255172;-0.144828;0.0
NEW_MODE;16;9;13;03,10,14,15,27,36,42,43,47,69,74,80,86;TEST;2023-11-21;2026-08-04;116;37;2.243243;36;97.297297;10;27.027027;0;0.0;0;0.0;0;0.0;2.197621;87.902703;28.52973;3.156757;0.178378;0.0;9.394594;-1.502703;-3.156757;-0.178378;0.0
NEW_MODE;17;9;13;02,04,08,11,14,34,40,45,50,65,70,74,78;DISCOVERY;2009-07-02;2020-05-28;117;117;2.358974;107;91.452991;44;37.606838;8;6.837607;0;0.0;0;0.0;2.196034;87.65812;28.868376;2.94188;0.14188;0.003419;3.794871;8.738462;3.895727;-0.14188;-0.003419
NEW_MODE;17;9;13;02,04,08,11,14,34,40,45,50,65,70,74,78;VALIDATION;2020-05-30;2023-11-18;117;32;2.03125;26;81.25;7;21.875;0;0.0;0;0.0;0;0.0;2.21175;88.23125;29.80625;3.05;0.09375;0.0125;-6.98125;-7.93125;-3.05;-0.09375;-0.0125
NEW_MODE;17;9;13;02,04,08,11,14,34,40,45,50,65,70,74,78;TEST;2023-11-21;2026-08-04;117;37;2.108108;30;81.081081;10;27.027027;1;2.702703;0;0.0;0;0.0;2.202919;87.464865;29.32973;3.32973;0.183784;0.0;-6.383784;-2.302703;-0.627027;-0.183784;0.0
NEW_MODE;18;9;13;04,08,09,26,29,50,55,59,61,78,80,85,88;DISCOVERY;2009-07-02;2020-05-28;97;97;2.556701;95;97.938144;46;47.42268;10;10.309278;0;0.0;0;0.0;2.202845;87.985567;29.045361;3.119588;0.138144;0.002062;9.952577;18.377319;7.18969;-0.138144;-0.002062
NEW_MODE;18;9;13;04,08,09,26,29,50,55,59,61,78,80,85,88;VALIDATION;2020-05-30;2023-11-18;97;32;2.09375;25;78.125;9;28.125;1;3.125;0;0.0;0;0.0;2.196375;87.4625;28.85;3.15;0.18125;0.00625;-9.3375;-0.725;-0.025;-0.18125;-0.00625
NEW_MODE;18;9;13;04,08,09,26,29,50,55,59,61,78,80,85,88;TEST;2023-11-21;2026-08-04;97;41;2.317073;36;87.804878;15;36.585366;3;7.317073;0;0.0;0;0.0;2.197512;87.707317;28.912195;2.995122;0.15122;0.004878;0.097561;7.673171;4.321951;-0.15122;-0.004878
NEW_MODE;19;9;13;13,17,22,31,39,58,64,65,71,74,76,85,90;DISCOVERY;2009-07-02;2020-05-28;125;125;2.496;114;91.2;64;51.2;9;7.2;0;0.0;0;0.0;2.201024;87.688;29.1104;3.184;0.1344;0.0016;3.512;22.0896;4.016;-0.1344;-0.0016
NEW_MODE;19;9;13;13,17,22,31,39,58,64,65,71,74,76,85,90;VALIDATION;2020-05-30;2023-11-18;125;40;2.4;40;100.0;14;35.0;2;5.0;0;0.0;0;0.0;2.1975;87.65;28.82;3.18;0.12;0.005;12.35;6.18;1.82;-0.12;-0.005
NEW_MODE;19;9;13;13,17,22,31,39,58,64,65,71,74,76,85,90;TEST;2023-11-21;2026-08-04;125;37;2.135135;33;89.189189;8;21.621622;1;2.702703;0;0.0;0;0.0;2.196;87.583784;28.87027;2.983784;0.156757;0.016216;1.605405;-7.248648;-0.281081;-0.156757;-0.016216
NEW_MODE;20;9;13;05,08,10,15,17,35,36,42,44,66,73,75,82;DISCOVERY;2009-07-02;2020-05-28;111;111;2.351351;106;95.495495;40;36.036036;4;3.603604;0;0.0;0;0.0;2.199585;87.691892;29.088288;3.027027;0.163964;0.001802;7.803603;6.947748;0.576577;-0.163964;-0.001802
NEW_MODE;20;9;13;05,08,10,15,17,35,36,42,44,66,73,75,82;VALIDATION;2020-05-30;2023-11-18;111;37;2.216216;33;89.189189;11;29.72973;1;2.702703;0;0.0;0;0.0;2.206;88.054054;29.264865;3.124324;0.172973;0.0;1.135135;0.464865;-0.421621;-0.172973;0.0
NEW_MODE;20;9;13;05,08,10,15,17,35,36,42,44,66,73,75,82;TEST;2023-11-21;2026-08-04;111;40;2.025;34;85.0;7;17.5;1;2.5;0;0.0;0;0.0;2.19555;87.595;28.88;2.95;0.14;0.015;-2.595;-11.38;-0.45;-0.14;-0.015
NEW_MODE;21;9;13;02,04,08,14,26,52,58,69,74,79,80,86,88;DISCOVERY;2009-07-02;2020-05-28;120;120;2.533333;109;90.833333;57;47.5;17;14.166667;1;0.833333;0;0.0;2.19725;87.638333;28.886667;3.068333;0.143333;0.001667;3.195;18.613333;11.098334;0.69;-0.001667
NEW_MODE;21;9;13;02,04,08,14,26,52,58,69,74,79,80,86,88;VALIDATION;2020-05-30;2023-11-18;120;40;2.125;35;87.5;9;22.5;1;2.5;0;0.0;0;0.0;2.19525;87.825;28.75;2.89;0.085;0.0;-0.325;-6.25;-0.39;-0.085;0.0
NEW_MODE;21;9;13;02,04,08,14,26,52,58,69,74,79,80,86,88;TEST;2023-11-21;2026-08-04;120;35;2.514286;35;100.0;14;40.0;2;5.714286;2;5.714286;0;0.0;2.1932;87.742857;28.405714;3.062857;0.108571;0.0;12.257143;11.594286;2.651429;5.605715;0.0
NEW_MODE;22;9;13;11,12,24,25,37,52,58,67,73,80,84,85,89;DISCOVERY;2009-07-02;2020-05-28;110;110;2.454545;99;90.0;51;46.363636;9;8.181818;1;0.909091;0;0.0;2.205709;87.963636;29.245455;3.212727;0.161818;0.001818;2.036364;17.118181;4.969091;0.747273;-0.001818
NEW_MODE;22;9;13;11,12,24,25,37,52,58,67,73,80,84,85,89;VALIDATION;2020-05-30;2023-11-18;110;41;2.219512;37;90.243902;13;31.707317;0;0.0;0;0.0;0;0.0;2.190439;87.4;28.487805;2.965854;0.195122;0.004878;2.843902;3.219512;-2.965854;-0.195122;-0.004878
NEW_MODE;22;9;13;11,12,24,25,37,52,58,67,73,80,84,85,89;TEST;2023-11-21;2026-08-04;110;33;2.090909;29;87.878788;7;21.212121;0;0.0;0;0.0;0;0.0;2.209515;88.218182;29.381818;3.145455;0.218182;0.006061;-0.339394;-8.169697;-3.145455;-0.218182;-0.006061
NEW_MODE;23;9;13;14,25,26,39,50,55,56,57,63,64,81,82,87;DISCOVERY;2009-07-02;2020-05-28;97;97;2.371134;92;94.845361;38;39.175258;3;3.092784;0;0.0;0;0.0;2.200969;87.781443;29.179381;2.985567;0.169072;0.002062;7.063918;9.995877;0.107217;-0.169072;-0.002062
NEW_MODE;23;9;13;14,25,26,39,50,55,56,57,63,64,81,82,87;VALIDATION;2020-05-30;2023-11-18;97;34;2.441176;33;97.058824;14;41.176471;2;5.882353;0;0.0;0;0.0;2.204118;88.035294;29.164706;3.129412;0.105882;0.0;9.02353;12.011765;2.752941;-0.105882;0.0
NEW_MODE;23;9;13;14,25,26,39,50,55,56,57,63,64,81,82,87;TEST;2023-11-21;2026-08-04;97;44;2.159091;37;84.090909;14;31.818182;0;0.0;0;0.0;0;0.0;2.179364;87.331818;27.613636;2.845455;0.15;0.004545;-3.240909;4.204546;-2.845455;-0.15;-0.004545
NEW_MODE;24;9;13;15,16,30,31,36,40,46,49,53,59,74,84,88;DISCOVERY;2009-07-02;2020-05-28;108;108;2.490741;103;95.37037;55;50.925926;3;2.777778;0;0.0;0;0.0;2.196;87.255556;29.031481;3.159259;0.162963;0.001852;8.114814;21.894445;-0.381481;-0.162963;-0.001852
NEW_MODE;24;9;13;15,16,30,31,36,40,46,49,53,59,74,84,88;VALIDATION;2020-05-30;2023-11-18;108;34;2.294118;30;88.235294;10;29.411765;4;11.764706;0;0.0;0;0.0;2.195471;87.529412;28.711765;3.164706;0.135294;0.005882;0.705882;0.7;8.6;-0.135294;-0.005882
NEW_MODE;24;9;13;15,16,30,31,36,40,46,49,53,59,74,84,88;TEST;2023-11-21;2026-08-04;108;31;2.129032;26;83.870968;9;29.032258;0;0.0;0;0.0;0;0.0;2.214194;88.651613;29.632258;2.993548;0.167742;0.0;-4.780645;-0.6;-2.993548;-0.167742;0.0
NEW_MODE;25;9;13;03,18,19,34,37,50,55,67,70,82,84,85,86;DISCOVERY;2009-07-02;2020-05-28;117;117;2.512821;113;96.581197;51;43.589744;12;10.25641;1;0.854701;0;0.0;2.200701;87.579487;29.133333;3.247863;0.126496;0.0;9.00171;14.456411;7.008547;0.728205;0.0
NEW_MODE;25;9;13;03,18,19,34,37,50,55,67,70,82,84,85,86;VALIDATION;2020-05-30;2023-11-18;117;45;2.155556;41;91.111111;10;22.222222;1;2.222222;0;0.0;0;0.0;2.1932;87.653333;28.391111;3.137778;0.151111;0.0;3.457778;-6.168889;-0.915556;-0.151111;0.0
NEW_MODE;25;9;13;03,18,19,34,37,50,55,67,70,82,84,85,86;TEST;2023-11-21;2026-08-04;117;35;2.114286;32;91.428571;7;20.0;0;0.0;0;0.0;0;0.0;2.192743;87.868571;28.108571;3.102857;0.205714;0.0;3.56;-8.108571;-3.102857;-0.205714;0.0
NEW_MODE;26;9;13;02,11,19,28,41,50,53,59,61,68,69,71,90;DISCOVERY;2009-07-02;2020-05-28;117;117;2.367521;109;93.162393;46;39.316239;5;4.273504;0;0.0;0;0.0;2.199248;87.846154;28.822222;3.147009;0.123077;0.003419;5.316239;10.494017;1.126495;-0.123077;-0.003419
NEW_MODE;26;9;13;02,11,19,28,41,50,53,59,61,68,69,71,90;VALIDATION;2020-05-30;2023-11-18;117;28;2.214286;22;78.571429;9;32.142857;3;10.714286;0;0.0;0;0.0;2.199357;87.557143;29.05;3.242857;0.1;0.0;-8.985714;3.092857;7.471429;-0.1;0.0
NEW_MODE;26;9;13;02,11,19,28,41,50,53,59,61,68,69,71,90;TEST;2023-11-21;2026-08-04;117;31;2.064516;26;83.870968;7;22.580645;0;0.0;0;0.0;0;0.0;2.18871;87.470968;28.509677;2.793548;0.103226;0.0;-3.6;-5.929032;-2.793548;-0.103226;0.0
NEW_MODE;27;9;13;01,14,19,25,41,43,52,60,63,64,67,71,81;DISCOVERY;2009-07-02;2020-05-28;98;98;2.387755;90;91.836735;36;36.734694;8;8.163265;2;2.040816;0;0.0;2.19951;87.557143;29.006122;3.246939;0.153061;0.002041;4.279592;7.728572;4.916326;1.887755;-0.002041
NEW_MODE;27;9;13;01,14,19,25,41,43,52,60,63,64,67,71,81;VALIDATION;2020-05-30;2023-11-18;98;37;2.432432;36;97.297297;16;43.243243;1;2.702703;0;0.0;0;0.0;2.189081;86.827027;28.816216;3.048649;0.221622;0.0;10.47027;14.427027;-0.345946;-0.221622;0.0
NEW_MODE;27;9;13;01,14,19,25,41,43,52,60,63,64,67,71,81;TEST;2023-11-21;2026-08-04;98;37;2.324324;34;91.891892;12;32.432432;3;8.108108;0;0.0;0;0.0;2.197243;87.308108;29.221622;3.043243;0.156757;0.0;4.583784;3.21081;5.064865;-0.156757;0.0
NEW_MODE;28;9;13;05,09,19,30,38,46,51,60,66,77,83,85,88;DISCOVERY;2009-07-02;2020-05-28;103;103;2.407767;101;98.058252;37;35.92233;7;6.796117;0;0.0;0;0.0;2.201806;87.815534;29.085437;3.133981;0.157282;0.0;10.242718;6.836893;3.662136;-0.157282;0.0
NEW_MODE;28;9;13;05,09,19,30,38,46,51,60,66,77,83,85,88;VALIDATION;2020-05-30;2023-11-18;103;42;2.071429;37;88.095238;8;19.047619;0;0.0;0;0.0;0;0.0;2.198667;87.909524;28.895238;2.966667;0.090476;0.004762;0.185714;-9.847619;-2.966667;-0.090476;-0.004762
NEW_MODE;28;9;13;05,09,19,30,38,46,51,60,66,77,83,85,88;TEST;2023-11-21;2026-08-04;103;44;2.136364;37;84.090909;12;27.272727;1;2.272727;0;0.0;0;0.0;2.198727;88.05;28.836364;2.890909;0.113636;0.0;-3.959091;-1.563637;-0.618182;-0.113636;0.0
NEW_MODE;29;9;13;02,07,16,28,31,45,56,67,68,72,74,77,84;DISCOVERY;2009-07-02;2020-05-28;111;111;2.504505;106;95.495495;46;41.441441;15;13.513514;0;0.0;0;0.0;2.196919;87.646847;28.675676;3.227027;0.14955;0.005405;7.848648;12.765765;10.286487;-0.14955;-0.005405
NEW_MODE;29;9;13;02,07,16,28,31,45,56,67,68,72,74,77,84;VALIDATION;2020-05-30;2023-11-18;111;30;2.066667;24;80.0;8;26.666667;0;0.0;0;0.0;0;0.0;2.197133;87.746667;28.733333;3.16;0.106667;0.0;-7.746667;-2.066666;-3.16;-0.106667;0.0
NEW_MODE;29;9;13;02,07,16,28,31,45,56,67,68,72,74,77,84;TEST;2023-11-21;2026-08-04;111;35;2.314286;30;85.714286;12;34.285714;3;8.571429;1;2.857143;0;0.0;2.1948;87.72;28.537143;3.102857;0.137143;0.0;-2.005714;5.748571;5.468572;2.72;0.0
NEW_MODE;30;9;13;01,12,22,23,25,32,39,49,54,55,66,67,75;DISCOVERY;2009-07-02;2020-05-28;101;101;2.455446;91;90.09901;42;41.584158;11;10.891089;3;2.970297;0;0.0;2.201901;87.564357;29.156435;3.320792;0.150495;0.00396;2.534653;12.427723;7.570297;2.819802;-0.00396
NEW_MODE;30;9;13;01,12,22,23,25,32,39,49,54,55,66,67,75;VALIDATION;2020-05-30;2023-11-18;101;35;2.114286;32;91.428571;7;20.0;0;0.0;0;0.0;0;0.0;2.214857;88.714286;29.302857;3.314286;0.165714;0.0;2.714285;-9.302857;-3.314286;-0.165714;0.0
NEW_MODE;30;9;13;01,12,22,23,25,32,39,49,54,55,66,67,75;TEST;2023-11-21;2026-08-04;101;39;2.076923;34;87.179487;7;17.948718;1;2.564103;0;0.0;0;0.0;2.199641;87.651282;28.989744;3.14359;0.189744;0.0;-0.471795;-11.041026;-0.579487;-0.189744;0.0
NEW_MODE;31;9;13;12,39,41,42,44,54,56,59,65,77,79,86,87;DISCOVERY;2009-07-02;2020-05-28;107;107;2.588785;101;94.392523;60;56.074766;9;8.411215;0;0.0;0;0.0;2.200804;87.900935;28.964486;3.078505;0.153271;0.001869;6.491588;27.11028;5.33271;-0.153271;-0.001869
NEW_MODE;31;9;13;12,39,41,42,44,54,56,59,65,77,79,86,87;VALIDATION;2020-05-30;2023-11-18;107;35;2.2;31;88.571429;10;28.571429;1;2.857143;0;0.0;0;0.0;2.2052;87.84;29.428571;3.12;0.165714;0.0;0.731429;-0.857142;-0.262857;-0.165714;0.0
NEW_MODE;31;9;13;12,39,41,42,44,54,56,59,65,77,79,86,87;TEST;2023-11-21;2026-08-04;107;40;2.05;34;85.0;8;20.0;0;0.0;0;0.0;0;0.0;2.1939;87.47;28.55;3.215;0.165;0.0;-2.47;-8.55;-3.215;-0.165;0.0
NEW_MODE;32;9;13;01,02,16,21,22,24,29,51,58,68,69,74,84;DISCOVERY;2009-07-02;2020-05-28;131;131;2.366412;127;96.946565;43;32.824427;9;6.870229;0;0.0;0;0.0;2.196992;87.68855;28.787786;3.083969;0.154199;0.001527;9.258015;4.036641;3.78626;-0.154199;-0.001527
NEW_MODE;32;9;13;01,02,16,21,22,24,29,51,58,68,69,74,84;VALIDATION;2020-05-30;2023-11-18;131;38;1.973684;25;65.789474;11;28.947368;1;2.631579;0;0.0;0;0.0;2.185053;86.942105;28.78421;2.710526;0.073684;0.0;-21.152631;0.163158;-0.078947;-0.073684;0.0
NEW_MODE;32;9;13;01,02,16,21,22,24,29,51,58,68,69,74,84;TEST;2023-11-21;2026-08-04;131;29;2.137931;23;79.310345;9;31.034483;1;3.448276;0;0.0;0;0.0;2.204345;88.303448;28.813793;3.172414;0.144828;0.0;-8.993103;2.22069;0.275862;-0.144828;0.0
NEW_MODE;33;9;13;06,16,19,25,29,37,46,51,65,72,79,82,84;DISCOVERY;2009-07-02;2020-05-28;115;115;2.486957;106;92.173913;57;49.565217;8;6.956522;0;0.0;0;0.0;2.195217;87.553043;28.685217;3.118261;0.175652;0.001739;4.62087;20.88;3.838261;-0.175652;-0.001739
NEW_MODE;33;9;13;06,16,19,25,29,37,46,51,65,72,79,82,84;VALIDATION;2020-05-30;2023-11-18;115;32;2.3125;29;90.625;10;31.25;3;9.375;0;0.0;0;0.0;2.198313;87.91875;28.84375;2.93125;0.14375;0.0;2.70625;2.40625;6.44375;-0.14375;0.0
NEW_MODE;33;9;13;06,16,19,25,29,37,46,51,65,72,79,82,84;TEST;2023-11-21;2026-08-04;115;39;2.051282;33;84.615385;8;20.512821;0;0.0;0;0.0;0;0.0;2.20482;87.794872;29.158974;3.374359;0.153846;0.0;-3.179487;-8.646153;-3.374359;-0.153846;0.0
NEW_MODE;34;9;13;04,09,12,21,26,39,45,49,59,61,67,68,70;DISCOVERY;2009-07-02;2020-05-28;120;120;2.408333;114;95.0;49;40.833333;5;4.166667;1;0.833333;0;0.0;2.200717;87.628333;29.068333;3.246667;0.138333;0.005;7.371667;11.765;0.92;0.695;-0.005
NEW_MODE;34;9;13;04,09,12,21,26,39,45,49,59,61,67,68,70;VALIDATION;2020-05-30;2023-11-18;120;33;2.212121;32;96.969697;6;18.181818;2;6.060606;0;0.0;0;0.0;2.212545;88.10303;29.4;3.581818;0.175758;0.0;8.866667;-11.218182;2.478788;-0.175758;0.0
NEW_MODE;34;9;13;04,09,12,21,26,39,45,49,59,61,67,68,70;TEST;2023-11-21;2026-08-04;120;40;2.225;33;82.5;11;27.5;3;7.5;2;5.0;0;0.0;2.2023;87.55;29.25;3.29;0.17;0.0;-5.05;-1.75;4.21;4.83;0.0
NEW_MODE;35;9;13;03,05,07,09,11,21,22,40,48,58,65,82,90;DISCOVERY;2009-07-02;2020-05-28;111;111;2.531532;107;96.396396;53;47.747748;10;9.009009;0;0.0;0;0.0;2.195261;87.347748;29.063063;2.994595;0.140541;0.0;9.048648;18.684685;6.014414;-0.140541;0.0
NEW_MODE;35;9;13;03,05,07,09,11,21,22,40,48,58,65,82,90;VALIDATION;2020-05-30;2023-11-18;111;39;2.102564;29;74.358974;14;35.897436;0;0.0;0;0.0;0;0.0;2.193077;87.015385;29.184615;2.979487;0.133333;0.0;-12.656411;6.712821;-2.979487;-0.133333;0.0
NEW_MODE;35;9;13;03,05,07,09,11,21,22,40,48,58,65,82,90;TEST;2023-11-21;2026-08-04;111;32;2.46875;29;90.625;15;46.875;3;9.375;0;0.0;0;0.0;2.21025;88.14375;29.4;3.3;0.2;0.0;2.48125;17.475;6.075;-0.2;0.0
NEW_MODE;36;9;13;06,07,08,17,33,40,46,62,63,71,73,78,87;DISCOVERY;2009-07-02;2020-05-28;98;98;2.377551;92;93.877551;39;39.795918;4;4.081633;0;0.0;0;0.0;2.204224;87.887755;29.114286;3.253061;0.183673;0.0;5.989796;10.681632;0.828572;-0.183673;0.0
NEW_MODE;36;9;13;06,07,08,17,33,40,46,62,63,71,73,78,87;VALIDATION;2020-05-30;2023-11-18;98;25;2.28;23;92.0;8;32.0;1;4.0;0;0.0;0;0.0;2.21168;88.024;29.912;3.088;0.144;0.0;3.976;2.088;0.912;-0.144;0.0
NEW_MODE;36;9;13;06,07,08,17,33,40,46,62,63,71,73,78,87;TEST;2023-11-21;2026-08-04;98;34;2.352941;32;94.117647;13;38.235294;1;2.941176;0;0.0;0;0.0;2.196706;87.329412;28.870588;3.27647;0.2;0.0;6.788235;9.364706;-0.335294;-0.2;0.0
NEW_MODE;37;9;13;02,06,09,15,28,42,47,54,59,63,66,76,90;DISCOVERY;2009-07-02;2020-05-28;109;109;2.458716;103;94.495413;46;42.201835;10;9.174312;0;0.0;0;0.0;2.194972;87.456881;28.700917;3.190826;0.159633;0.00367;7.038532;13.500918;5.983486;-0.159633;-0.00367
NEW_MODE;37;9;13;02,06,09,15,28,42,47,54,59,63,66,76,90;VALIDATION;2020-05-30;2023-11-18;109;46;2.086957;39;84.782609;10;21.73913;1;2.173913;0;0.0;0;0.0;2.205565;87.791305;29.404348;3.243478;0.134783;0.0;-3.008696;-7.665218;-1.069565;-0.134783;0.0
NEW_MODE;37;9;13;02,06,09,15,28,42,47,54,59,63,66,76,90;TEST;2023-11-21;2026-08-04;109;28;2.392857;26;92.857143;12;42.857143;1;3.571429;0;0.0;0;0.0;2.202143;87.707143;29.15;3.264286;0.1;0.0;5.15;13.707143;0.307143;-0.1;0.0
NEW_MODE;38;9;13;09,12,30,31,32,33,54,58,72,75,84,85,87;DISCOVERY;2009-07-02;2020-05-28;119;119;2.571429;113;94.957983;63;52.941176;11;9.243697;0;0.0;0;0.0;2.199429;87.794958;28.732773;3.297479;0.136134;0.003361;7.163025;24.208403;5.946218;-0.136134;-0.003361
NEW_MODE;38;9;13;09,12,30,31,32,33,54,58,72,75,84,85,87;VALIDATION;2020-05-30;2023-11-18;119;46;1.913043;35;76.086957;7;15.217391;0;0.0;0;0.0;0;0.0;2.183391;86.617392;28.482609;3.06087;0.186957;0.0;-10.530435;-13.265218;-3.06087;-0.186957;0.0
NEW_MODE;38;9;13;09,12,30,31,32,33,54,58,72,75,84,85,87;TEST;2023-11-21;2026-08-04;119;29;2;22;75.862069;7;24.137931;0;0.0;0;0.0;0;0.0;2.193379;87.068966;29.096552;3.027586;0.158621;0.0;-11.206897;-4.958621;-3.027586;-0.158621;0.0
NEW_MODE;39;9;13;03,06,12,17,23,25,34,40,62,76,81,87,89;DISCOVERY;2009-07-02;2020-05-28;115;115;2.452174;110;95.652174;48;41.73913;9;7.826087;0;0.0;0;0.0;2.20007;87.648696;28.925217;3.267826;0.170435;0.005217;8.003478;12.813913;4.558261;-0.170435;-0.005217
NEW_MODE;39;9;13;03,06,12,17,23,25,34,40,62,76,81,87,89;VALIDATION;2020-05-30;2023-11-18;115;46;2.130435;40;86.956522;10;21.73913;2;4.347826;0;0.0;0;0.0;2.184826;86.930435;28.391304;3.030435;0.13913;0.0;0.026087;-6.652174;1.317391;-0.13913;0.0
NEW_MODE;39;9;13;03,06,12,17,23,25,34,40,62,76,81,87,89;TEST;2023-11-21;2026-08-04;115;35;2.4;31;88.571429;14;40.0;4;11.428571;0;0.0;0;0.0;2.201029;87.811429;28.605714;3.434286;0.257143;0.005714;0.76;11.394286;7.994285;-0.257143;-0.005714
NEW_MODE;40;9;13;02,04,05,22,28,29,34,36,48,49,82,83,87;DISCOVERY;2009-07-02;2020-05-28;101;101;2.386139;97;96.039604;34;33.663366;9;8.910891;0;0.0;0;0.0;2.206733;88.081188;29.267326;3.20396;0.132673;0.00198;7.958416;4.39604;5.706931;-0.132673;-0.00198
NEW_MODE;40;9;13;02,04,05,22,28,29,34,36,48,49,82,83,87;VALIDATION;2020-05-30;2023-11-18;101;45;1.911111;34;75.555556;7;15.555556;0;0.0;0;0.0;0;0.0;2.190711;87.195556;28.746667;2.96;0.191111;0.0;-11.64;-13.191111;-2.96;-0.191111;0.0
NEW_MODE;40;9;13;02,04,05,22,28,29,34,36,48,49,82,83,87;TEST;2023-11-21;2026-08-04;101;42;2.214286;39;92.857143;11;26.190476;1;2.380952;0;0.0;0;0.0;2.189952;87.571429;28.166667;3.123809;0.152381;0.0;5.285714;-1.976191;-0.742857;-0.152381;0.0
NEW_MODE;41;9;13;18,19,24,27,28,29,34,52,59,61,74,76,88;DISCOVERY;2009-07-02;2020-05-28;118;118;2.457627;112;94.915254;52;44.067797;8;6.779661;0;0.0;0;0.0;2.204305;88.161017;28.957627;3.222034;0.11017;0.0;6.754237;15.11017;3.557627;-0.11017;0.0
NEW_MODE;41;9;13;18,19,24,27,28,29,34,52,59,61,74,76,88;VALIDATION;2020-05-30;2023-11-18;118;48;2.104167;41;85.416667;10;20.833333;2;4.166667;0;0.0;0;0.0;2.201708;87.725;29.229167;3.104167;0.125;0.0;-2.308333;-8.395834;1.0625;-0.125;0.0
NEW_MODE;41;9;13;18,19,24,27,28,29,34,52,59,61,74,76,88;TEST;2023-11-21;2026-08-04;118;38;2.263158;34;89.473684;13;34.210526;1;2.631579;0;0.0;0;0.0;2.189947;87.310526;28.689474;2.942105;0.073684;0.0;2.163158;5.521052;-0.310526;-0.073684;0.0
NEW_MODE;42;9;13;02,03,12,15,20,21,27,31,33,49,53,54,66;DISCOVERY;2009-07-02;2020-05-28;104;104;2.326923;94;90.384615;40;38.461538;4;3.846154;0;0.0;0;0.0;2.203731;87.832692;29.340385;3.042308;0.161538;0.001923;2.551923;9.121153;0.803846;-0.161538;-0.001923
NEW_MODE;42;9;13;02,03,12,15,20,21,27,31,33,49,53,54,66;VALIDATION;2020-05-30;2023-11-18;104;45;1.955556;36;80.0;8;17.777778;0;0.0;0;0.0;0;0.0;2.195022;87.648889;28.684444;3.088889;0.097778;0.0;-7.648889;-10.906666;-3.088889;-0.097778;0.0
NEW_MODE;42;9;13;02,03,12,15,20,21,27,31,33,49,53,54,66;TEST;2023-11-21;2026-08-04;104;45;2.155556;40;88.888889;12;26.666667;0;0.0;0;0.0;0;0.0;2.194844;88.106667;28.315556;2.955555;0.12;0.0;0.782222;-1.648889;-2.955555;-0.12;0.0
NEW_MODE;43;9;13;01,03,28,30,32,39,60,63,64,70,75,84,86;DISCOVERY;2009-07-02;2020-05-28;110;110;2.290909;98;89.090909;31;28.181818;13;11.818182;0;0.0;0;0.0;2.198727;87.789091;28.930909;3.016364;0.154545;0.0;1.301818;-0.749091;8.801818;-0.154545;0.0
NEW_MODE;43;9;13;01,03,28,30,32,39,60,63,64,70,75,84,86;VALIDATION;2020-05-30;2023-11-18;110;39;2.307692;36;92.307692;11;28.205128;4;10.25641;0;0.0;0;0.0;2.194718;87.446154;28.830769;3.020513;0.189744;0.005128;4.861538;-0.625641;7.235897;-0.189744;-0.005128
NEW_MODE;43;9;13;01,03,28,30,32,39,60,63,64,70,75,84,86;TEST;2023-11-21;2026-08-04;110;45;2.355556;41;91.111111;16;35.555556;4;8.888889;0;0.0;0;0.0;2.205333;88.133333;29.191111;3.12;0.106667;0.0;2.977778;6.364445;5.768889;-0.106667;0.0
NEW_MODE;44;9;13;02,05,23,35,36,39,56,57,60,64,75,81,82;DISCOVERY;2009-07-02;2020-05-28;100;100;2.52;96;96.0;50;50.0;6;6.0;0;0.0;0;0.0;2.19098;87.22;28.644;3.11;0.14;0.0;8.78;21.356;2.89;-0.14;0.0
NEW_MODE;44;9;13;02,05,23,35,36,39,56,57,60,64,75,81,82;VALIDATION;2020-05-30;2023-11-18;100;36;2.055556;29;80.555556;9;25.0;0;0.0;0;0.0;0;0.0;2.208556;88.161111;29.472222;3.1;0.127778;0.0;-7.605555;-4.472222;-3.1;-0.127778;0.0
NEW_MODE;44;9;13;02,05,23,35,36,39,56,57,60,64,75,81,82;TEST;2023-11-21;2026-08-04;100;35;2.257143;29;82.857143;10;28.571429;5;14.285714;0;0.0;0;0.0;2.193829;87.057143;29.108571;3.102857;0.137143;0.0;-4.2;-0.537142;11.182857;-0.137143;0.0
NEW_MODE;45;9;13;01,11,18,26,34,38,44,55,58,63,75,78,81;DISCOVERY;2009-07-02;2020-05-28;132;132;2.287879;119;90.151515;42;31.818182;8;6.060606;1;0.757576;0;0.0;2.194773;87.486364;28.701515;3.183333;0.121212;0.0;2.665151;3.116667;2.877273;0.636364;0.0
NEW_MODE;45;9;13;01,11,18,26,34,38,44,55,58,63,75,78,81;VALIDATION;2020-05-30;2023-11-18;132;39;2.128205;33;84.615385;9;23.076923;2;5.128205;0;0.0;0;0.0;2.200666;87.974359;28.774359;3.194872;0.133333;0.010256;-3.358974;-5.697436;1.933333;-0.133333;-0.010256
NEW_MODE;45;9;13;01,11,18,26,34,38,44,55,58,63,75,78,81;TEST;2023-11-21;2026-08-04;132;41;2.365854;38;92.682927;13;31.707317;5;12.195122;0;0.0;0;0.0;2.211902;88.195122;29.756098;3.068293;0.180488;0.004878;4.487805;1.951219;9.126829;-0.180488;-0.004878
NEW_MODE;46;9;13;15,16,20,22,33,36,38,39,48,54,57,69,79;DISCOVERY;2009-07-02;2020-05-28;109;109;2.495413;103;94.495413;50;45.87156;10;9.174312;0;0.0;0;0.0;2.191064;87.286238;28.585321;3.113761;0.13945;0.00367;7.209175;17.286239;6.060551;-0.13945;-0.00367
NEW_MODE;46;9;13;15,16,20,22,33,36,38,39,48,54,57,69,79;VALIDATION;2020-05-30;2023-11-18;109;36;2.138889;28;77.777778;11;30.555556;2;5.555556;0;0.0;0;0.0;2.194111;87.388889;28.55;3.316667;0.166667;0.005556;-9.611111;2.005556;2.238889;-0.166667;-0.005556
NEW_MODE;46;9;13;15,16,20,22,33,36,38,39,48,54,57,69,79;TEST;2023-11-21;2026-08-04;109;36;2.055556;31;86.111111;6;16.666667;1;2.777778;0;0.0;0;0.0;2.198389;87.994444;28.477778;3.244445;0.15;0.0;-1.883333;-11.811111;-0.466667;-0.15;0.0
NEW_MODE;47;9;13;04,05,07,11,34,37,40,52,53,64,66,70,88;DISCOVERY;2009-07-02;2020-05-28;125;125;2.464;116;92.8;59;47.2;8;6.4;0;0.0;0;0.0;2.200336;87.8368;28.9024;3.1648;0.1408;0.0016;4.9632;18.2976;3.2352;-0.1408;-0.0016
NEW_MODE;47;9;13;04,05,07,11,34,37,40,52,53,64,66,70,88;VALIDATION;2020-05-30;2023-11-18;125;38;2.078947;30;78.947368;10;26.315789;1;2.631579;0;0.0;0;0.0;2.206105;87.805263;29.305263;3.326316;0.168421;0.005263;-8.857895;-2.989474;-0.694737;-0.168421;-0.005263
NEW_MODE;47;9;13;04,05,07,11,34,37,40,52,53,64,66,70,88;TEST;2023-11-21;2026-08-04;125;40;2.05;33;82.5;8;20.0;1;2.5;0;0.0;0;0.0;2.1914;87.315;28.655;3.06;0.125;0.01;-4.815;-8.655;-0.56;-0.125;-0.01
NEW_MODE;48;9;13;03,04,09,12,13,17,18,22,26,36,69,80,85;DISCOVERY;2009-07-02;2020-05-28;121;121;2.363636;108;89.256198;53;43.801653;4;3.305785;0;0.0;0;0.0;2.196628;87.418182;28.910744;3.203306;0.13719;0.0;1.838016;14.890909;0.102479;-0.13719;0.0
NEW_MODE;48;9;13;03,04,09,12,13,17,18,22,26,36,69,80,85;VALIDATION;2020-05-30;2023-11-18;121;40;1.975;32;80.0;7;17.5;0;0.0;0;0.0;0;0.0;2.1982;87.765;28.91;3.025;0.145;0.0;-7.765;-11.41;-3.025;-0.145;0.0
NEW_MODE;48;9;13;03,04,09,12,13,17,18,22,26,36,69,80,85;TEST;2023-11-21;2026-08-04;121;31;2.096774;27;87.096774;6;19.354839;1;3.225806;0;0.0;0;0.0;2.197742;87.593548;28.703226;3.264516;0.219355;0.0;-0.496774;-9.348387;-0.03871;-0.219355;0.0
NEW_MODE;49;9;13;18,26,34,35,38,43,47,51,55,57,68,74,87;DISCOVERY;2009-07-02;2020-05-28;125;125;2.488;121;96.8;56;44.8;9;7.2;0;0.0;0;0.0;2.193552;87.384;28.6512;3.192;0.1472;0.0032;9.416;16.1488;4.008;-0.1472;-0.0032
NEW_MODE;49;9;13;18,26,34,35,38,43,47,51,55,57,68,74,87;VALIDATION;2020-05-30;2023-11-18;125;47;2.106383;44;93.617021;8;17.021277;0;0.0;0;0.0;0;0.0;2.197192;87.748936;28.765957;3.153192;0.068085;0.0;5.868085;-11.74468;-3.153192;-0.068085;0.0
NEW_MODE;49;9;13;18,26,34,35,38,43,47,51,55,57,68,74,87;TEST;2023-11-21;2026-08-04;125;41;2.146341;34;82.926829;12;29.268293;1;2.439024;0;0.0;0;0.0;2.206585;87.882927;29.385366;3.243902;0.165854;0.004878;-4.956098;-0.117073;-0.804878;-0.165854;-0.004878
NEW_MODE;50;9;13;01,03,05,06,09,15,30,36,38,43,70,80,89;DISCOVERY;2009-07-02;2020-05-28;103;103;2.339806;96;93.203883;36;34.951456;6;5.825243;0;0.0;0;0.0;2.197573;87.553398;29.001942;3.064078;0.149515;0.005825;5.650485;5.949514;2.761165;-0.149515;-0.005825
NEW_MODE;50;9;13;01,03,05,06,09,15,30,36,38,43,70,80,89;VALIDATION;2020-05-30;2023-11-18;103;27;2.074074;25;92.592593;4;14.814815;0;0.0;0;0.0;0;0.0;2.192;87.762963;28.274074;3.02963;0.148148;0.0;4.82963;-13.459259;-3.02963;-0.148148;0.0
NEW_MODE;50;9;13;01,03,05,06,09,15,30,36,38,43,70,80,89;TEST;2023-11-21;2026-08-04;103;27;2.185185;24;88.888889;8;29.62963;0;0.0;0;0.0;0;0.0;2.204815;87.844444;29.451852;3.074074;0.111111;0.007407;1.044445;0.177778;-3.074074;-0.111111;-0.007407
NEW_MODE;51;9;13;01,09,13,28,32,38,43,49,63,74,83,86,87;DISCOVERY;2009-07-02;2020-05-28;119;119;2.411765;115;96.638655;48;40.336134;5;4.201681;0;0.0;0;0.0;2.197176;87.779832;28.808403;2.978151;0.166387;0.001681;8.858823;11.527731;1.22353;-0.166387;-0.001681
NEW_MODE;51;9;13;01,09,13,28,32,38,43,49,63,74,83,86,87;VALIDATION;2020-05-30;2023-11-18;119;33;2.242424;29;87.878788;11;33.333333;1;3.030303;0;0.0;0;0.0;2.203697;87.466667;29.860606;2.963636;0.084848;0.0;0.412121;3.472727;0.066667;-0.084848;0.0
NEW_MODE;51;9;13;01,09,13,28,32,38,43,49,63,74,83,86,87;TEST;2023-11-21;2026-08-04;119;36;2.055556;29;80.555556;9;25.0;0;0.0;0;0.0;0;0.0;2.207056;87.6;29.772222;3.188889;0.172222;0.0;-7.044444;-4.772222;-3.188889;-0.172222;0.0
NEW_MODE;52;9;13;01,03,05,17,25,33,39,43,45,66,76,83,89;DISCOVERY;2009-07-02;2020-05-28;131;131;2.335878;119;90.839695;53;40.458015;3;2.290076;0;0.0;0;0.0;2.197282;87.494657;28.964885;3.126718;0.157252;0.001527;3.345038;11.49313;-0.836642;-0.157252;-0.001527
NEW_MODE;52;9;13;01,03,05,17,25,33,39,43,45,66,76,83,89;VALIDATION;2020-05-30;2023-11-18;131;44;2.227273;38;86.363636;12;27.272727;4;9.090909;0;0.0;0;0.0;2.194682;87.527273;28.872727;2.927273;0.15;0.0;-1.163637;-1.6;6.163636;-0.15;0.0
NEW_MODE;52;9;13;01,03,05,17,25,33,39,43,45,66,76,83,89;TEST;2023-11-21;2026-08-04;131;38;2.263158;34;89.473684;13;34.210526;1;2.631579;0;0.0;0;0.0;2.205474;87.905263;29.068421;3.347368;0.226316;0.005263;1.568421;5.142105;-0.715789;-0.226316;-0.005263
NEW_MODE;53;9;13;16,21,23,24,41,55,56,62,73,81,82,84,88;DISCOVERY;2009-07-02;2020-05-28;91;91;2.648352;88;96.703297;51;56.043956;11;12.087912;0;0.0;0;0.0;2.204395;87.802198;29.134066;3.336264;0.16044;0.010989;8.901099;26.90989;8.751648;-0.16044;-0.010989
NEW_MODE;53;9;13;16,21,23,24,41,55,56,62,73,81,82,84,88;VALIDATION;2020-05-30;2023-11-18;91;35;2.257143;32;91.428571;12;34.285714;0;0.0;0;0.0;0;0.0;2.187314;87.28;28.16;3.188572;0.131429;0.0;4.148571;6.125714;-3.188572;-0.131429;0.0
NEW_MODE;53;9;13;16,21,23,24,41,55,56,62,73,81,82,84,88;TEST;2023-11-21;2026-08-04;91;35;2.228571;33;94.285714;10;28.571429;0;0.0;0;0.0;0;0.0;2.201086;87.942857;28.76;3.222857;0.188571;0.0;6.342857;-0.188571;-3.222857;-0.188571;0.0
NEW_MODE;54;9;13;05,10,19,22,25,39,47,49,67,68,69,75,85;DISCOVERY;2009-07-02;2020-05-28;129;129;2.496124;123;95.348837;65;50.387597;5;3.875969;0;0.0;0;0.0;2.194682;87.6;28.703876;3.066667;0.116279;0.0;7.748837;21.683721;0.809302;-0.116279;0.0
NEW_MODE;54;9;13;05,10,19,22,25,39,47,49,67,68,69,75,85;VALIDATION;2020-05-30;2023-11-18;129;33;2.242424;28;84.848485;11;33.333333;2;6.060606;0;0.0;0;0.0;2.201576;87.345455;29.375757;3.327273;0.139394;0.0;-2.49697;3.957576;2.733333;-0.139394;0.0
NEW_MODE;54;9;13;05,10,19,22,25,39,47,49,67,68,69,75,85;TEST;2023-11-21;2026-08-04;129;37;2.162162;30;81.081081;8;21.621622;5;13.513514;0;0.0;0;0.0;2.196054;87.459459;29.113514;2.935135;0.113514;0.0;-6.378378;-7.491892;10.578379;-0.113514;0.0
NEW_MODE;55;9;13;11,18,23,32,41,44,47,57,62,72,80,87,88;DISCOVERY;2009-07-02;2020-05-28;121;121;2.338843;108;89.256198;48;39.669421;6;4.958678;0;0.0;0;0.0;2.200512;87.642975;29.042975;3.257851;0.120661;0.0;1.613223;10.626446;1.700827;-0.120661;0.0
NEW_MODE;55;9;13;11,18,23,32,41,44,47,57,62,72,80,87,88;VALIDATION;2020-05-30;2023-11-18;121;41;2.146341;36;87.804878;9;21.95122;2;4.878049;0;0.0;0;0.0;2.205122;87.951219;29.102439;3.273171;0.209756;0.0;-0.146341;-7.151219;1.604878;-0.209756;0.0
NEW_MODE;55;9;13;11,18,23,32,41,44,47,57,62,72,80,87,88;TEST;2023-11-21;2026-08-04;121;39;1.974359;31;79.487179;7;17.948718;0;0.0;0;0.0;0;0.0;2.199282;87.789744;29.2;2.8;0.158974;0.0;-8.302565;-11.251282;-2.8;-0.158974;0.0
NEW_MODE;56;9;13;07,27,28,31,36,38,44,45,73,74,77,81,86;DISCOVERY;2009-07-02;2020-05-28;123;123;2.422764;116;94.308943;53;43.089431;6;4.878049;0;0.0;0;0.0;2.188976;87.582114;28.201626;2.988618;0.139837;0.0;6.726829;14.887805;1.889431;-0.139837;0.0
NEW_MODE;56;9;13;07,27,28,31,36,38,44,45,73,74,77,81,86;VALIDATION;2020-05-30;2023-11-18;123;38;2.342105;37;97.368421;14;36.842105;0;0.0;0;0.0;0;0.0;2.199474;87.48421;29.042105;3.189474;0.247368;0.0;9.884211;7.8;-3.189474;-0.247368;0.0
NEW_MODE;56;9;13;07,27,28,31,36,38,44,45,73,74,77,81,86;TEST;2023-11-21;2026-08-04;123;35;2.171429;31;88.571429;9;25.714286;1;2.857143;0;0.0;0;0.0;2.212743;88.445714;29.6;3.091429;0.148571;0.0;0.125715;-3.885714;-0.234286;-0.148571;0.0
NEW_MODE;57;9;13;02,16,19,20,35,36,42,65,66,74,75,79,83;DISCOVERY;2009-07-02;2020-05-28;116;116;2.448276;105;90.517241;51;43.965517;12;10.344828;0;0.0;0;0.0;2.200948;87.927586;28.965517;3.068966;0.153448;0.0;2.589655;15.0;7.275862;-0.153448;0.0
NEW_MODE;57;9;13;02,16,19,20,35,36,42,65,66,74,75,79,83;VALIDATION;2020-05-30;2023-11-18;116;34;2;26;76.470588;8;23.529412;0;0.0;0;0.0;0;0.0;2.201176;87.405882;29.264706;3.252941;0.194118;0.0;-10.935294;-5.735294;-3.252941;-0.194118;0.0
NEW_MODE;57;9;13;02,16,19,20,35,36,42,65,66,74,75,79,83;TEST;2023-11-21;2026-08-04;116;34;1.970588;27;79.411765;6;17.647059;0;0.0;0;0.0;0;0.0;2.189588;87.929412;28.188235;2.770588;0.1;0.0;-8.517647;-10.541176;-2.770588;-0.1;0.0
NEW_MODE;58;9;13;02,07,19,25,33,44,45,74,76,80,83,87,90;DISCOVERY;2009-07-02;2020-05-28;110;110;2.245455;102;92.727273;33;30.0;2;1.818182;0;0.0;0;0.0;2.200545;87.714545;29.096364;3.145455;0.116364;0.0;5.012728;0.903636;-1.327273;-0.116364;0.0
NEW_MODE;58;9;13;02,07,19,25,33,44,45,74,76,80,83,87,90;VALIDATION;2020-05-30;2023-11-18;110;42;2.214286;36;85.714286;14;33.333333;1;2.380952;0;0.0;0;0.0;2.205143;87.833333;29.204762;3.342857;0.147619;0.0;-2.119047;4.128571;-0.961905;-0.147619;0.0
NEW_MODE;58;9;13;02,07,19,25,33,44,45,74,76,80,83,87,90;TEST;2023-11-21;2026-08-04;110;41;2.02439;35;85.365854;7;17.073171;0;0.0;0;0.0;0;0.0;2.202634;88.185366;28.858537;3.146341;0.112195;0.0;-2.819512;-11.785366;-3.146341;-0.112195;0.0
NEW_MODE;59;9;13;11,12,15,28,38,43,56,61,62,67,79,82,84;DISCOVERY;2009-07-02;2020-05-28;106;106;2.632075;103;97.169811;50;47.169811;16;15.09434;4;3.773585;0;0.0;2.199264;87.650943;28.773585;3.335849;0.173585;0.003774;9.518868;18.396226;11.758491;3.6;-0.003774
NEW_MODE;59;9;13;11,12,15,28,38,43,56,61,62,67,79,82,84;VALIDATION;2020-05-30;2023-11-18;106;37;2.216216;34;91.891892;11;29.72973;0;0.0;0;0.0;0;0.0;2.204919;88.054054;29.27027;3.032432;0.145946;0.0;3.837838;0.45946;-3.032432;-0.145946;0.0
NEW_MODE;59;9;13;11,12,15,28,38,43,56,61,62,67,79,82,84;TEST;2023-11-21;2026-08-04;106;40;2.25;36;90.0;14;35.0;0;0.0;0;0.0;0;0.0;2.1883;87.775;28.235;2.745;0.105;0.0;2.225;6.765;-2.745;-0.105;0.0
NEW_MODE;60;9;13;05,23,29,37,41,48,50,56,74,77,78,81,90;DISCOVERY;2009-07-02;2020-05-28;90;90;2.411111;80;88.888889;39;43.333333;8;8.888889;0;0.0;0;0.0;2.204022;87.935556;29.08;3.246667;0.162222;0.002222;0.953333;14.253333;5.642222;-0.162222;-0.002222
NEW_MODE;60;9;13;05,23,29,37,41,48,50,56,74,77,78,81,90;VALIDATION;2020-05-30;2023-11-18;90;38;2.289474;35;92.105263;11;28.947368;3;7.894737;0;0.0;0;0.0;2.199;88.08421;28.715789;3.036842;0.078947;0.0;4.021053;0.231579;4.857895;-0.078947;0.0
NEW_MODE;60;9;13;05,23,29,37,41,48,50,56,74,77,78,81,90;TEST;2023-11-21;2026-08-04;90;43;1.953488;35;81.395349;5;11.627907;1;2.325581;0;0.0;0;0.0;2.202093;88.004651;29.041861;3.013953;0.15814;0.009302;-6.609302;-17.413954;-0.688372;-0.15814;-0.009302
NEW_MODE;61;9;13;04,15,30,31,45,52,57,58,64,70,77,78,84;DISCOVERY;2009-07-02;2020-05-28;103;103;2.417476;99;96.116505;42;40.776699;5;4.854369;0;0.0;0;0.0;2.209184;88.242718;29.285437;3.273786;0.126214;0.005825;7.873787;11.491262;1.580583;-0.126214;-0.005825
NEW_MODE;61;9;13;04,15,30,31,45,52,57,58,64,70,77,78,84;VALIDATION;2020-05-30;2023-11-18;103;35;2.257143;32;91.428571;10;28.571429;2;5.714286;0;0.0;0;0.0;2.197714;87.428571;29.137143;3.114286;0.125714;0.0;4.0;-0.565714;2.6;-0.125714;0.0
NEW_MODE;61;9;13;04,15,30,31,45,52,57,58,64,70,77,78,84;TEST;2023-11-21;2026-08-04;103;35;2.171429;32;91.428571;7;20.0;2;5.714286;0;0.0;0;0.0;2.203486;88.171429;28.937143;3.148572;0.108571;0.005714;3.257142;-8.937143;2.565714;-0.108571;-0.005714
NEW_MODE;62;9;13;13,19,24,26,32,36,45,51,52,63,64,70,83;DISCOVERY;2009-07-02;2020-05-28;112;112;2.419643;105;93.75;44;39.285714;9;8.035714;1;0.892857;0;0.0;2.200304;87.65;29.176786;3.05;0.175;0.0;6.1;10.108928;4.985714;0.717857;0.0
NEW_MODE;62;9;13;13,19,24,26,32,36,45,51,52,63,64,70,83;VALIDATION;2020-05-30;2023-11-18;112;37;2.108108;30;81.081081;10;27.027027;1;2.702703;0;0.0;0;0.0;2.213946;88.156757;30.091892;3.027027;0.12973;0.0;-7.075676;-3.064865;-0.324324;-0.12973;0.0
NEW_MODE;62;9;13;13,19,24,26,32,36,45,51,52,63,64,70,83;TEST;2023-11-21;2026-08-04;112;37;2.324324;33;89.189189;12;32.432432;4;10.810811;0;0.0;0;0.0;2.186054;87.351351;28.297297;2.843243;0.135135;0.0;1.837838;4.135135;7.967568;-0.135135;0.0
NEW_MODE;63;9;13;15,16,25,26,32,34,35,53,60,70,74,85,90;DISCOVERY;2009-07-02;2020-05-28;109;109;2.412844;96;88.073394;45;41.284404;10;9.174312;3;2.752294;0;0.0;2.195248;87.409174;28.80367;3.172477;0.154128;0.001835;0.66422;12.480734;6.001835;2.598166;-0.001835
NEW_MODE;63;9;13;15,16,25,26,32,34,35,53,60,70,74,85,90;VALIDATION;2020-05-30;2023-11-18;109;32;1.9375;24;75.0;6;18.75;0;0.0;0;0.0;0;0.0;2.20625;87.7125;29.38125;3.425;0.125;0.0;-12.7125;-10.63125;-3.425;-0.125;0.0
NEW_MODE;63;9;13;15,16,25,26,32,34,35,53,60,70,74,85,90;TEST;2023-11-21;2026-08-04;109;46;2.021739;37;80.434783;7;15.217391;3;6.521739;0;0.0;0;0.0;2.194609;87.421739;28.8;3.1;0.156522;0.0;-6.986956;-13.582609;3.421739;-0.156522;0.0
NEW_MODE;64;9;13;03,14,25,33,46,48,52,58,68,69,76,81,85;DISCOVERY;2009-07-02;2020-05-28;97;97;2.412371;85;87.628866;42;43.298969;10;10.309278;0;0.0;0;0.0;2.208948;88.189691;29.369072;3.202062;0.140206;0.0;-0.560825;13.929897;7.107216;-0.140206;0.0
NEW_MODE;64;9;13;03,14,25,33,46,48,52,58,68,69,76,81,85;VALIDATION;2020-05-30;2023-11-18;97;38;2.236842;35;92.105263;10;26.315789;1;2.631579;1;2.631579;0;0.0;2.200053;87.836842;28.973684;3.078947;0.142105;0.0;4.268421;-2.657895;-0.447368;2.489474;0.0
NEW_MODE;64;9;13;03,14,25,33,46,48,52,58,68,69,76,81,85;TEST;2023-11-21;2026-08-04;97;35;2.371429;32;91.428571;10;28.571429;6;17.142857;0;0.0;0;0.0;2.199371;87.96;28.685714;3.188572;0.137143;0.005714;3.468571;-0.114285;13.954285;-0.137143;-0.005714
NEW_MODE;65;9;13;16,17,18,28,31,33,48,51,55,72,77,80,85;DISCOVERY;2009-07-02;2020-05-28;121;121;2.471074;116;95.867769;51;42.14876;8;6.61157;3;2.479339;0;0.0;2.198017;87.859504;28.74876;3.077686;0.128926;0.0;8.008265;13.4;3.533884;2.350413;0.0
NEW_MODE;65;9;13;16,17,18,28,31,33,48,51,55,72,77,80,85;VALIDATION;2020-05-30;2023-11-18;121;43;2.255814;39;90.697674;13;30.232558;2;4.651163;0;0.0;0;0.0;2.186977;86.990698;28.413954;3.181395;0.130233;0.0;3.706976;1.818604;1.469768;-0.130233;0.0
NEW_MODE;65;9;13;16,17,18,28,31,33,48,51,55,72,77,80,85;TEST;2023-11-21;2026-08-04;121;29;2.103448;26;89.655172;6;20.689655;0;0.0;0;0.0;0;0.0;2.198;87.551724;28.875862;3.165517;0.227586;0.006897;2.103448;-8.186207;-3.165517;-0.227586;-0.006897
NEW_MODE;66;9;13;10,11,22,30,34,35,36,39,42,70,73,86,89;DISCOVERY;2009-07-02;2020-05-28;114;114;2.464912;107;93.859649;46;40.350877;12;10.526316;2;1.754386;0;0.0;2.206105;88.003509;29.392982;3.101754;0.129825;0.0;5.85614;10.957895;7.424562;1.624561;0.0
NEW_MODE;66;9;13;10,11,22,30,34,35,36,39,42,70,73,86,89;VALIDATION;2020-05-30;2023-11-18;114;44;2.181818;41;93.181818;11;25.0;0;0.0;0;0.0;0;0.0;2.188409;87.390909;28.4;2.95;0.118182;0.0;5.790909;-3.4;-2.95;-0.118182;0.0
NEW_MODE;66;9;13;10,11,22,30,34,35,36,39,42,70,73,86,89;TEST;2023-11-21;2026-08-04;114;35;2;29;82.857143;6;17.142857;0;0.0;0;0.0;0;0.0;2.194686;87.594286;28.44;3.222857;0.2;0.028571;-4.737143;-11.297143;-3.222857;-0.2;-0.028571
NEW_MODE;67;9;13;13,23,28,34,39,43,49,54,65,75,79,83,84;DISCOVERY;2009-07-02;2020-05-28;120;120;2.408333;114;95.0;50;41.666667;5;4.166667;0;0.0;0;0.0;2.2007;87.701667;29.093333;3.148333;0.141667;0.001667;7.298333;12.573334;1.018334;-0.141667;-0.001667
NEW_MODE;67;9;13;13,23,28,34,39,43,49,54,65,75,79,83,84;VALIDATION;2020-05-30;2023-11-18;120;36;2.055556;30;83.333333;8;22.222222;0;0.0;0;0.0;0;0.0;2.196111;87.472222;29.138889;2.916667;0.094444;0.0;-4.138889;-6.916667;-2.916667;-0.094444;0.0
NEW_MODE;67;9;13;13,23,28,34,39,43,49,54,65,75,79,83,84;TEST;2023-11-21;2026-08-04;120;28;2.321429;25;89.285714;11;39.285714;1;3.571429;0;0.0;0;0.0;2.195286;87.564286;28.892857;2.914286;0.171429;0.0;1.721428;10.392857;0.657143;-0.171429;0.0
NEW_MODE;68;9;13;07,18,22,23,29,30,33,45,46,55,56,65,67;DISCOVERY;2009-07-02;2020-05-28;118;118;2.40678;109;92.372881;50;42.372881;7;5.932203;0;0.0;0;0.0;2.195695;87.486441;28.847458;3.094915;0.147458;0.00339;4.88644;13.525423;2.837288;-0.147458;-0.00339
NEW_MODE;68;9;13;07,18,22,23,29,30,33,45,46,55,56,65,67;VALIDATION;2020-05-30;2023-11-18;118;46;2.152174;41;89.130435;11;23.913043;1;2.173913;0;0.0;0;0.0;2.195435;87.404348;28.808696;3.2;0.152174;0.004348;1.726087;-4.895653;-1.026087;-0.152174;-0.004348
NEW_MODE;68;9;13;07,18,22,23,29,30,33,45,46,55,56,65,67;TEST;2023-11-21;2026-08-04;118;42;2.357143;41;97.619048;16;38.095238;0;0.0;0;0.0;0;0.0;2.203667;88.128571;28.919048;3.214286;0.114286;0.0;9.490477;9.17619;-3.214286;-0.114286;0.0
NEW_MODE;69;9;13;01,13,23,24,39,41,48,55,67,68,74,80,88;DISCOVERY;2009-07-02;2020-05-28;114;114;2.491228;111;97.368421;47;41.22807;12;10.526316;0;0.0;0;0.0;2.198228;87.670175;28.896491;3.140351;0.124561;0.0;9.698246;12.331579;7.385965;-0.124561;0.0
NEW_MODE;69;9;13;01,13,23,24,39,41,48,55,67,68,74,80,88;VALIDATION;2020-05-30;2023-11-18;114;35;2.485714;30;85.714286;18;51.428571;4;11.428571;0;0.0;0;0.0;2.192171;87.417143;28.44;3.234286;0.142857;0.0;-1.702857;22.988571;8.194285;-0.142857;0.0
NEW_MODE;69;9;13;01,13,23,24,39,41,48,55,67,68,74,80,88;TEST;2023-11-21;2026-08-04;114;36;2.111111;33;91.666667;7;19.444444;0;0.0;0;0.0;0;0.0;2.204778;88.272222;29.027778;3.061111;0.133333;0.0;3.394445;-9.583334;-3.061111;-0.133333;0.0
NEW_MODE;70;9;13;03,13,18,24,45,48,57,77,78,81,82,83,87;DISCOVERY;2009-07-02;2020-05-28;97;97;2.494845;95;97.938144;44;45.360825;6;6.185567;0;0.0;0;0.0;2.200289;87.723711;29.092784;3.074227;0.152577;0.004124;10.214433;16.268041;3.11134;-0.152577;-0.004124
NEW_MODE;70;9;13;03,13,18,24,45,48,57,77,78,81,82,83,87;VALIDATION;2020-05-30;2023-11-18;97;29;2.137931;25;86.206897;8;27.586207;0;0.0;0;0.0;0;0.0;2.200345;87.924138;28.903448;3.082759;0.144828;0.0;-1.717241;-1.317241;-3.082759;-0.144828;0.0
NEW_MODE;70;9;13;03,13,18,24,45,48,57,77,78,81,82,83,87;TEST;2023-11-21;2026-08-04;97;24;2.083333;21;87.5;5;20.833333;0;0.0;0;0.0;0;0.0;2.204333;88.691667;28.783333;2.85;0.133333;0.0;-1.191667;-7.95;-2.85;-0.133333;0.0
NEW_MODE;71;9;13;12,24,43,45,46,58,64,67,74,75,85,86,89;DISCOVERY;2009-07-02;2020-05-28;99;99;2.555556;96;96.969697;47;47.474747;10;10.10101;1;1.010101;0;0.0;2.196283;87.624243;28.733333;3.145455;0.149495;0.00202;9.345454;18.741414;6.955555;0.860606;-0.00202
NEW_MODE;71;9;13;12,24,43,45,46,58,64,67,74,75,85,86,89;VALIDATION;2020-05-30;2023-11-18;99;42;1.97619;34;80.952381;7;16.666667;0;0.0;0;0.0;0;0.0;2.19919;87.680952;28.952381;3.133333;0.161905;0.009524;-6.728571;-12.285714;-3.133333;-0.161905;-0.009524
NEW_MODE;71;9;13;12,24,43,45,46,58,64,67,74,75,85,86,89;TEST;2023-11-21;2026-08-04;99;38;2.105263;32;84.210526;8;21.052632;2;5.263158;0;0.0;0;0.0;2.205684;87.178947;29.915789;3.310526;0.189474;0.005263;-2.968421;-8.863157;1.952632;-0.189474;-0.005263
NEW_MODE;72;9;13;10,16,23,29,35,41,44,47,50,57,68,75,79;DISCOVERY;2009-07-02;2020-05-28;109;109;2.577982;104;95.412844;54;49.541284;13;11.926606;1;0.917431;0;0.0;2.185706;87.234862;28.194495;3.012844;0.133945;0.005505;8.177982;21.346789;8.913762;0.783486;-0.005505
NEW_MODE;72;9;13;10,16,23,29,35,41,44,47,50,57,68,75,79;VALIDATION;2020-05-30;2023-11-18;109;39;2.333333;35;89.74359;16;41.025641;1;2.564103;0;0.0;0;0.0;2.200513;87.723077;29.0;3.184615;0.153846;0.0;2.020513;12.025641;-0.620512;-0.153846;0.0
NEW_MODE;72;9;13;10,16,23,29,35,41,44,47,50,57,68,75,79;TEST;2023-11-21;2026-08-04;109;39;2.435897;36;92.307692;16;41.025641;4;10.25641;0;0.0;0;0.0;2.202872;87.717949;29.210256;3.235898;0.148718;0.005128;4.589743;11.815385;7.020512;-0.148718;-0.005128
NEW_MODE;73;9;13;10,12,13,16,19,23,27,35,39,43,52,64,68;DISCOVERY;2009-07-02;2020-05-28;91;91;2.428571;84;92.307692;36;39.56044;8;8.791209;2;2.197802;0;0.0;2.207648;88.134066;29.305494;3.186813;0.142857;0.010989;4.173626;10.254946;5.604396;2.054945;-0.010989
NEW_MODE;73;9;13;10,12,13,16,19,23,27,35,39,43,52,64,68;VALIDATION;2020-05-30;2023-11-18;91;44;2.068182;36;81.818182;11;25.0;0;0.0;0;0.0;0;0.0;2.193636;87.45;28.754545;2.981818;0.181818;0.004545;-5.631818;-3.754545;-2.981818;-0.181818;-0.004545
NEW_MODE;73;9;13;10,12,13,16,19,23,27,35,39,43,52,64,68;TEST;2023-11-21;2026-08-04;91;47;2.276596;43;91.489362;13;27.659574;4;8.510638;0;0.0;0;0.0;2.203021;87.689362;29.268085;3.178724;0.191489;0.0;3.8;-1.608511;5.331914;-0.191489;0.0
NEW_MODE;74;9;13;03,05,06,08,13,14,25,40,49,62,67,70,75;DISCOVERY;2009-07-02;2020-05-28;121;121;2.413223;114;94.214876;47;38.842975;9;7.438017;1;0.826446;0;0.0;2.193438;87.206612;28.923967;3.077686;0.150413;0.001653;7.008264;9.919008;4.360331;0.676033;-0.001653
NEW_MODE;74;9;13;03,05,06,08,13,14,25,40,49,62,67,70,75;VALIDATION;2020-05-30;2023-11-18;121;33;2;26;78.787879;7;21.212121;0;0.0;0;0.0;0;0.0;2.197939;87.466667;28.963636;3.218182;0.181818;0.0;-8.678788;-7.751515;-3.218182;-0.181818;0.0
NEW_MODE;74;9;13;03,05,06,08,13,14,25,40,49,62,67,70,75;TEST;2023-11-21;2026-08-04;121;35;2.085714;32;91.428571;5;14.285714;1;2.857143;0;0.0;0;0.0;2.197371;87.337143;28.902857;3.388572;0.114286;0.0;4.091428;-14.617143;-0.531429;-0.114286;0.0
NEW_MODE;75;9;13;01,10,19,20,33,42,54,57,65,66,69,77,78;DISCOVERY;2009-07-02;2020-05-28;127;127;2.480315;115;90.551181;57;44.88189;14;11.023622;2;1.574803;0;0.0;2.191055;87.292913;28.470866;3.179528;0.177953;0.001575;3.258268;16.411024;7.844094;1.39685;-0.001575
NEW_MODE;75;9;13;01,10,19,20,33,42,54,57,65,66,69,77,78;VALIDATION;2020-05-30;2023-11-18;127;32;2.46875;30;93.75;13;40.625;4;12.5;0;0.0;0;0.0;2.19225;87.65;28.30625;3.1625;0.125;0.0;6.1;12.31875;9.3375;-0.125;0.0
NEW_MODE;75;9;13;01,10,19,20,33,42,54,57,65,66,69,77,78;TEST;2023-11-21;2026-08-04;127;36;2.194444;31;86.111111;10;27.777778;2;5.555556;0;0.0;0;0.0;2.194722;87.388889;28.933333;3.011111;0.138889;0.011111;-1.277778;-1.155555;2.544445;-0.138889;-0.011111
NEW_MODE;76;9;13;05,16,18,31,39,42,57,59,70,74,82,87,89;DISCOVERY;2009-07-02;2020-05-28;104;104;2.375;96;92.307692;40;38.461538;7;6.730769;0;0.0;0;0.0;2.199615;87.394231;29.325;3.144231;0.121154;0.001923;4.913461;9.136538;3.586538;-0.121154;-0.001923
NEW_MODE;76;9;13;05,16,18,31,39,42,57,59,70,74,82,87,89;VALIDATION;2020-05-30;2023-11-18;104;40;2.25;36;90.0;11;27.5;3;7.5;0;0.0;0;0.0;2.19215;87.435;28.57;3.08;0.15;0.0;2.565;-1.07;4.42;-0.15;0.0
NEW_MODE;76;9;13;05,16,18,31,39,42,57,59,70,74,82,87,89;TEST;2023-11-21;2026-08-04;104;30;1.7;19;63.333333;2;6.666667;0;0.0;0;0.0;0;0.0;2.209133;87.686667;29.746667;3.286667;0.193333;0.006667;-24.353334;-23.08;-3.286667;-0.193333;-0.006667
NEW_MODE;77;9;13;10,11,23,25,36,53,56,65,71,72,74,87,90;DISCOVERY;2009-07-02;2020-05-28;127;127;2.433071;116;91.338583;62;48.818898;4;3.149606;0;0.0;0;0.0;2.203291;87.886614;28.979528;3.333858;0.148032;0.001575;3.451969;19.83937;-0.184252;-0.148032;-0.001575
NEW_MODE;77;9;13;10,11,23,25,36,53,56,65,71,72,74,87,90;VALIDATION;2020-05-30;2023-11-18;127;40;2.175;34;85.0;13;32.5;0;0.0;0;0.0;0;0.0;2.1967;87.545;29.065;2.98;0.085;0.0;-2.545;3.435;-2.98;-0.085;0.0
NEW_MODE;77;9;13;10,11,23,25,36,53,56,65,71,72,74,87,90;TEST;2023-11-21;2026-08-04;127;30;2;23;76.666667;6;20.0;1;3.333333;0;0.0;0;0.0;2.206333;87.966667;29.446667;3.113333;0.126667;0.0;-11.3;-9.446667;0.22;-0.126667;0.0
NEW_MODE;78;9;13;06,08,32,40,42,44,46,56,57,69,75,77,83;DISCOVERY;2009-07-02;2020-05-28;118;118;2.474576;113;95.762712;49;41.525424;12;10.169492;0;0.0;0;0.0;2.19878;87.671186;28.874576;3.21017;0.137288;0.0;8.091526;12.650848;6.959322;-0.137288;0.0
NEW_MODE;78;9;13;06,08,32,40,42,44,46,56,57,69,75,77,83;VALIDATION;2020-05-30;2023-11-18;118;35;2.257143;32;91.428571;10;28.571429;2;5.714286;0;0.0;0;0.0;2.206629;88.285714;29.388571;2.845714;0.165714;0.0;3.142857;-0.817142;2.868572;-0.165714;0.0
NEW_MODE;78;9;13;06,08,32,40,42,44,46,56,57,69,75,77,83;TEST;2023-11-21;2026-08-04;118;27;2;23;85.185185;4;14.814815;0;0.0;0;0.0;0;0.0;2.203037;88.088889;29.103704;2.962963;0.148148;0.0;-2.903704;-14.288889;-2.962963;-0.148148;0.0
NEW_MODE;79;9;13;08,11,15,16,21,49,51,54,58,68,69,78,83;DISCOVERY;2009-07-02;2020-05-28;130;130;2.469231;123;94.615385;63;48.461538;4;3.076923;1;0.769231;0;0.0;2.204138;87.950769;29.063077;3.227692;0.18;0.004615;6.664616;19.398461;-0.150769;0.589231;-0.004615
NEW_MODE;79;9;13;08,11,15,16,21,49,51,54,58,68,69,78,83;VALIDATION;2020-05-30;2023-11-18;130;35;2.171429;29;82.857143;10;28.571429;2;5.714286;0;0.0;0;0.0;2.214114;88.325714;29.64;3.325714;0.125714;0.0;-5.468571;-1.068571;2.388572;-0.125714;0.0
NEW_MODE;79;9;13;08,11,15,16,21,49,51,54,58,68,69,78,83;TEST;2023-11-21;2026-08-04;130;45;2.311111;42;93.333333;16;35.555556;1;2.222222;0;0.0;0;0.0;2.198267;87.888889;28.777778;3.08;0.097778;0.0;5.444444;6.777778;-0.857778;-0.097778;0.0
NEW_MODE;80;9;13;04,06,11,17,30,45,50,51,59,67,72,86,90;DISCOVERY;2009-07-02;2020-05-28;109;109;2.348624;99;90.825688;46;42.201835;2;1.834862;0;0.0;0;0.0;2.20033;87.614679;29.170642;3.143119;0.106422;0.001835;3.211009;13.031193;-1.308257;-0.106422;-0.001835
NEW_MODE;80;9;13;04,06,11,17,30,45,50,51,59,67,72,86,90;VALIDATION;2020-05-30;2023-11-18;109;40;2.15;34;85.0;11;27.5;1;2.5;0;0.0;0;0.0;2.1955;87.435;28.59;3.4;0.165;0.0;-2.435;-1.09;-0.9;-0.165;0.0
NEW_MODE;80;9;13;04,06,11,17,30,45,50,51,59,67,72,86,90;TEST;2023-11-21;2026-08-04;109;46;2.26087;41;89.130435;16;34.782609;1;2.173913;0;0.0;0;0.0;2.197739;87.743478;28.734783;3.108696;0.182609;0.013043;1.386957;6.047826;-0.934783;-0.182609;-0.013043
NEW_MODE;81;9;13;01,13,20,38,51,57,61,69,73,74,75,77,83;DISCOVERY;2009-07-02;2020-05-28;113;113;2.433628;104;92.035398;48;42.477876;10;8.849558;0;0.0;0;0.0;2.203133;87.851327;29.240708;3.102655;0.136283;0.0;4.184071;13.237168;5.746903;-0.136283;0.0
NEW_MODE;81;9;13;01,13,20,38,51,57,61,69,73,74,75,77,83;VALIDATION;2020-05-30;2023-11-18;113;42;2.380952;38;90.47619;17;40.47619;3;7.142857;0;0.0;0;0.0;2.18581;87.138095;28.157143;3.109524;0.185714;0.004762;3.338095;12.319047;4.033333;-0.185714;-0.004762
NEW_MODE;81;9;13;01,13,20,38,51,57,61,69,73,74,75,77,83;TEST;2023-11-21;2026-08-04;113;38;2.421053;36;94.736842;14;36.842105;4;10.526316;0;0.0;0;0.0;2.186316;87.636842;27.815789;3.026316;0.157895;0.005263;7.1;9.026316;7.5;-0.157895;-0.005263
NEW_MODE;82;9;13;28,37,42,48,52,57,58,64,65,70,77,85,90;DISCOVERY;2009-07-02;2020-05-28;123;123;2.536585;120;97.560976;58;47.154472;10;8.130081;1;0.813008;0;0.0;2.20426;87.884553;29.209756;3.198374;0.157724;0.0;9.676423;17.944716;4.931707;0.655284;0.0
NEW_MODE;82;9;13;28,37,42,48,52,57,58,64,65,70,77,85,90;VALIDATION;2020-05-30;2023-11-18;123;30;2.466667;29;96.666667;13;43.333333;2;6.666667;0;0.0;0;0.0;2.2004;87.673333;29.113333;3.173333;0.086667;0.0;8.993334;14.22;3.493334;-0.086667;0.0
NEW_MODE;82;9;13;28,37,42,48,52,57,58,64,65,70,77,85,90;TEST;2023-11-21;2026-08-04;123;36;1.972222;31;86.111111;4;11.111111;0;0.0;0;0.0;0;0.0;2.198056;87.922222;28.822222;2.966667;0.1;0.0;-1.811111;-17.711111;-2.966667;-0.1;0.0
NEW_MODE;83;9;13;11,18,20,21,26,30,37,44,47,65,75,80,90;DISCOVERY;2009-07-02;2020-05-28;127;127;2.417323;121;95.275591;50;39.370079;9;7.086614;0;0.0;0;0.0;2.207055;87.862992;29.456693;3.248819;0.149606;0.004724;7.412599;9.913386;3.837795;-0.149606;-0.004724
NEW_MODE;83;9;13;11,18,20,21,26,30,37,44,47,65,75,80,90;VALIDATION;2020-05-30;2023-11-18;127;34;2.176471;31;91.176471;8;23.529412;1;2.941176;0;0.0;0;0.0;2.212647;88.235294;29.576471;3.323529;0.152941;0.0;2.941177;-6.047059;-0.382353;-0.152941;0.0
NEW_MODE;83;9;13;11,18,20,21,26,30,37,44,47,65,75,80,90;TEST;2023-11-21;2026-08-04;127;46;2.326087;41;89.130435;19;41.304348;1;2.173913;0;0.0;0;0.0;2.195043;87.5;28.786957;3.065217;0.147826;0.008696;1.630435;12.517391;-0.891304;-0.147826;-0.008696
NEW_MODE;84;9;13;01,15,16,20,41,47,49,53,55,56,71,77,83;DISCOVERY;2009-07-02;2020-05-28;113;113;2.442478;107;94.690265;42;37.168142;13;11.504425;1;0.884956;0;0.0;2.200142;87.677876;28.906195;3.251328;0.185841;0.00708;7.012389;8.261947;8.253097;0.699115;-0.00708
NEW_MODE;84;9;13;01,15,16,20,41,47,49,53,55,56,71,77,83;VALIDATION;2020-05-30;2023-11-18;113;30;2.266667;25;83.333333;9;30.0;2;6.666667;2;6.666667;0;0.0;2.202133;88.04;28.933333;3.126667;0.16;0.0;-4.706667;1.066667;3.54;6.506667;0.0
NEW_MODE;84;9;13;01,15,16,20,41,47,49,53,55,56,71,77,83;TEST;2023-11-21;2026-08-04;113;35;2.285714;32;91.428571;11;31.428571;2;5.714286;0;0.0;0;0.0;2.195771;87.622857;28.68;3.142857;0.142857;0.011429;3.805714;2.748571;2.571429;-0.142857;-0.011429
NEW_MODE;85;9;13;08,14,16,18,20,22,25,30,32,43,47,58,73;DISCOVERY;2009-07-02;2020-05-28;130;130;2.530769;122;93.846154;67;51.538462;10;7.692308;0;0.0;0;0.0;2.197846;87.761538;28.775385;3.153846;0.110769;0.001538;6.084616;22.763077;4.538462;-0.110769;-0.001538
NEW_MODE;85;9;13;08,14,16,18,20,22,25,30,32,43,47,58,73;VALIDATION;2020-05-30;2023-11-18;130;27;2.407407;24;88.888889;13;48.148148;1;3.703704;0;0.0;0;0.0;2.190444;87.318518;28.814815;2.837037;0.103704;0.0;1.570371;19.333333;0.866667;-0.103704;0.0
NEW_MODE;85;9;13;08,14,16,18,20,22,25,30,32,43,47,58,73;TEST;2023-11-21;2026-08-04;130;52;2.5;49;94.230769;26;50.0;3;5.769231;0;0.0;0;0.0;2.191577;87.373077;28.484615;3.180769;0.130769;0.0;6.857692;21.515385;2.588462;-0.130769;0.0
NEW_MODE;86;9;13;01,14,18,21,28,30,52,64,69,70,74,78,85;DISCOVERY;2009-07-02;2020-05-28;124;124;2.403226;115;92.741935;54;43.548387;5;4.032258;0;0.0;0;0.0;2.195226;87.504839;28.666129;3.23871;0.130645;0.0;5.237096;14.882258;0.793548;-0.130645;0.0
NEW_MODE;86;9;13;01,14,18,21,28,30,52,64,69,70,74,78,85;VALIDATION;2020-05-30;2023-11-18;124;45;2.088889;40;88.888889;9;20.0;0;0.0;0;0.0;0;0.0;2.204267;87.96;29.066667;3.226667;0.186667;0.008889;0.928889;-9.066667;-3.226667;-0.186667;-0.008889
NEW_MODE;86;9;13;01,14,18,21,28,30,52,64,69,70,74,78,85;TEST;2023-11-21;2026-08-04;124;35;2.085714;29;82.857143;8;22.857143;1;2.857143;0;0.0;0;0.0;2.204857;88.114286;29.108571;3.108572;0.182857;0.0;-5.257143;-6.251428;-0.251429;-0.182857;0.0
NEW_MODE;87;9;13;01,21,34,35,36,49,54,56,57,61,62,63,83;DISCOVERY;2009-07-02;2020-05-28;111;111;2.45045;102;91.891892;47;42.342342;10;9.009009;2;1.801802;0;0.0;2.199784;87.805405;28.787387;3.254054;0.140541;0.001802;4.086487;13.554955;5.754955;1.661261;-0.001802
NEW_MODE;87;9;13;01,21,34,35,36,49,54,56,57,61,62,63,83;VALIDATION;2020-05-30;2023-11-18;111;39;2.358974;33;84.615385;19;48.717949;1;2.564103;0;0.0;0;0.0;2.199897;87.574359;28.953846;3.374359;0.117949;0.0;-2.958974;19.764103;-0.810256;-0.117949;0.0
NEW_MODE;87;9;13;01,21,34,35,36,49,54,56,57,61,62,63,83;TEST;2023-11-21;2026-08-04;111;33;2.363636;31;93.939394;11;33.333333;2;6.060606;1;3.030303;0;0.0;2.205515;87.50303;29.521212;3.387879;0.139394;0.0;6.436364;3.812121;2.672727;2.890909;0.0
NEW_MODE;88;9;13;11,15,25,28,42,49,55,63,64,82,83,86,90;DISCOVERY;2009-07-02;2020-05-28;104;104;2.5;99;95.192308;51;49.038462;6;5.769231;0;0.0;0;0.0;2.2005;87.776923;29.019231;3.092308;0.167308;0.003846;7.415385;20.019231;2.676923;-0.167308;-0.003846
NEW_MODE;88;9;13;11,15,25,28,42,49,55,63,64,82,83,86,90;VALIDATION;2020-05-30;2023-11-18;104;33;2.151515;28;84.848485;10;30.30303;0;0.0;0;0.0;0;0.0;2.198606;87.654546;29.121212;2.981818;0.109091;0.006061;-2.806061;1.181818;-2.981818;-0.109091;-0.006061
NEW_MODE;88;9;13;11,15,25,28,42,49,55,63,64,82,83,86,90;TEST;2023-11-21;2026-08-04;104;40;2.325;39;97.5;12;30.0;2;5.0;0;0.0;0;0.0;2.19705;87.27;29.06;3.24;0.13;0.015;10.23;0.94;1.76;-0.13;-0.015
NEW_MODE;89;9;13;03,04,05,08,16,33,35,65,71,72,76,79,85;DISCOVERY;2009-07-02;2020-05-28;109;109;2.440367;101;92.66055;53;48.623853;3;2.752294;0;0.0;0;0.0;2.195761;87.511927;28.704587;3.207339;0.165138;0.0;5.148623;19.919266;-0.455045;-0.165138;0.0
NEW_MODE;89;9;13;03,04,05,08,16,33,35,65,71,72,76,79,85;VALIDATION;2020-05-30;2023-11-18;109;41;2.04878;36;87.804878;7;17.073171;0;0.0;0;0.0;0;0.0;2.203219;87.746341;29.521951;2.990244;0.087805;0.004878;0.058537;-12.44878;-2.990244;-0.087805;-0.004878
NEW_MODE;89;9;13;03,04,05,08,16,33,35,65,71,72,76,79,85;TEST;2023-11-21;2026-08-04;109;35;2.342857;32;91.428571;12;34.285714;3;8.571429;0;0.0;0;0.0;2.190343;87.217143;28.611429;3.04;0.171429;0.017143;4.211428;5.674285;5.531429;-0.171429;-0.017143
NEW_MODE;90;9;13;04,05,09,10,16,33,38,52,61,65,72,78,84;DISCOVERY;2009-07-02;2020-05-28;129;129;2.341085;121;93.79845;45;34.883721;7;5.426357;0;0.0;0;0.0;2.204264;88.029457;29.165892;3.091473;0.145736;0.003101;5.768993;5.717829;2.334884;-0.145736;-0.003101
NEW_MODE;90;9;13;04,05,09,10,16,33,38,52,61,65,72,78,84;VALIDATION;2020-05-30;2023-11-18;129;28;2.357143;26;92.857143;10;35.714286;2;7.142857;0;0.0;0;0.0;2.191786;87.178571;28.607143;3.257143;0.157143;0.0;5.678572;7.107143;3.885714;-0.157143;0.0
NEW_MODE;90;9;13;04,05,09,10,16,33,38,52,61,65,72,78,84;TEST;2023-11-21;2026-08-04;129;35;2.142857;32;91.428571;8;22.857143;0;0.0;0;0.0;0;0.0;2.191429;87.52;28.44;3.068572;0.12;0.011429;3.908571;-5.582857;-3.068572;-0.12;-0.011429
