Trigger;Stato;Estrazioni;2;3;4;5;5+1;6;Pct3Plus;Pct4Plus;Pct5Plus
06;ATTIVO;1475;275;63;8;1;0;0;4.8814;0.6102;0.0678
06;NON_ATTIVO;1377;206;44;1;0;0;0;3.2680;0.0726;0.0000
27;ATTIVO;1206;232;44;7;1;0;0;4.3118;0.6633;0.0829
27;NON_ATTIVO;1646;268;51;2;0;0;0;3.2199;0.1215;0.0000
29;ATTIVO;1263;245;45;16;1;0;0;4.9089;1.3460;0.0792
29;NON_ATTIVO;1589;253;37;2;0;0;0;2.4544;0.1259;0.0000
35;ATTIVO;1270;216;62;9;0;0;0;5.5906;0.7087;0.0000
35;NON_ATTIVO;1582;259;44;4;0;0;0;3.0341;0.2528;0.0000
39;ATTIVO;1408;260;49;11;0;0;0;4.2614;0.7812;0.0000
39;NON_ATTIVO;1444;216;43;0;0;0;0;2.9778;0.0000;0.0000
43;ATTIVO;1358;249;35;13;0;0;0;3.5346;0.9573;0.0000
43;NON_ATTIVO;1494;215;43;6;0;0;0;3.2798;0.4016;0.0000
44;ATTIVO;1195;223;48;8;0;0;0;4.6862;0.6695;0.0000
44;NON_ATTIVO;1657;250;41;7;1;0;0;2.9572;0.4828;0.0604
45;ATTIVO;1520;285;43;10;1;0;0;3.5526;0.7237;0.0658
45;NON_ATTIVO;1332;220;38;1;0;0;0;2.9279;0.0751;0.0000
54;ATTIVO;1410;269;60;10;0;0;0;4.9645;0.7092;0.0000
54;NON_ATTIVO;1442;221;54;4;0;0;1;4.0915;0.3467;0.0693
62;ATTIVO;1423;250;51;12;0;1;0;4.4975;0.9136;0.0703
62;NON_ATTIVO;1429;220;38;1;0;0;0;2.7292;0.0700;0.0000
64;ATTIVO;1261;230;54;11;1;0;0;5.2339;0.9516;0.0793
64;NON_ATTIVO;1591;240;48;7;0;0;0;3.4569;0.4400;0.0000
72;ATTIVO;1304;247;65;11;1;0;0;5.9049;0.9202;0.0767
72;NON_ATTIVO;1548;227;53;4;0;0;0;3.6822;0.2584;0.0000
73;ATTIVO;1323;245;50;9;2;0;0;4.6107;0.8314;0.1512
73;NON_ATTIVO;1529;218;41;1;0;0;0;2.7469;0.0654;0.0000
81;ATTIVO;1410;269;56;12;0;0;0;4.8227;0.8511;0.0000
81;NON_ATTIVO;1442;218;38;2;0;0;0;2.7739;0.1387;0.0000
89;ATTIVO;1293;253;55;3;0;0;0;4.4857;0.2320;0.0000
89;NON_ATTIVO;1559;237;52;2;0;0;0;3.4638;0.1283;0.0000
