Trigger;Attivazioni;Riattivazioni;EstrazioniAttive;Risultati2;Risultati3;Risultati4;Risultati5;Risultati5+1;Risultati6
Numero del trigger;Quante volte il trigger e uscito nell'anno;Quante volte e ricomparso mentre era gia attivo;Numero di estrazioni uniche in cui il trigger e stato effettivamente attivo;Quante estrazioni attive hanno prodotto 2 numeri nel sistema;Quante estrazioni attive hanno prodotto 3 numeri nel sistema;Quante estrazioni attive hanno prodotto 4 numeri nel sistema;Quante estrazioni attive hanno prodotto 5 numeri nel sistema;Quante estrazioni attive hanno prodotto 5 numeri + Jolly nel sistema;Quante estrazioni attive hanno prodotto 6 numeri nel sistema
06;13;8;83;12;2;1;0;0;0
27;11;5;66;12;3;0;0;0;0
29;13;5;96;20;6;5;1;0;0
35;7;1;60;9;1;1;0;0;0
39;14;8;97;21;5;0;0;0;0
43;11;4;85;14;4;1;0;0;0
44;7;2;60;5;1;0;0;0;0
45;15;7;109;20;0;2;0;0;0
54;10;4;61;13;1;0;0;0;0
62;11;7;73;10;2;2;0;0;0
64;13;7;92;18;3;0;0;0;0
72;13;4;90;16;2;1;0;0;0
73;11;6;72;13;4;1;0;0;0
81;9;3;78;13;5;0;0;0;0
89;11;6;70;9;4;0;0;0;0
TOT;169;77;1192;205;43;14;1;0;0
