Posizione;Trigger;AttivoN;NonAttivoN;AttivoPct3Plus;NonAttivoPct3Plus;AttivoPct4Plus;NonAttivoPct4Plus;Delta4PlusPP;Rapporto4Plus;AttivoPct5Plus;NonAttivoPct5Plus
1;39;1408;1444;4.2614;2.9778;0.7812;0.0000;0.7812;INF;0.0000;0.0000
2;62;1423;1429;4.4975;2.7292;0.9136;0.0700;0.8436;13.0548;0.0703;0.0000
3;73;1323;1529;4.6107;2.7469;0.8314;0.0654;0.7660;12.7128;0.1512;0.0000
4;29;1263;1589;4.9089;2.4544;1.3460;0.1259;1.2201;10.6940;0.0792;0.0000
5;45;1520;1332;3.5526;2.9279;0.7237;0.0751;0.6486;9.6395;0.0658;0.0000
6;06;1475;1377;4.8814;3.2680;0.6102;0.0726;0.5375;8.4020;0.0678;0.0000
7;81;1410;1442;4.8227;2.7739;0.8511;0.1387;0.7124;6.1362;0.0000;0.0000
8;27;1206;1646;4.3118;3.2199;0.6633;0.1215;0.5418;5.4594;0.0829;0.0000
9;72;1304;1548;5.9049;3.6822;0.9202;0.2584;0.6618;3.5613;0.0767;0.0000
10;35;1270;1582;5.5906;3.0341;0.7087;0.2528;0.4558;2.8028;0.0000;0.0000
11;43;1358;1494;3.5346;3.2798;0.9573;0.4016;0.5557;2.3837;0.0000;0.0000
12;64;1261;1591;5.2339;3.4569;0.9516;0.4400;0.5117;2.1629;0.0793;0.0000
13;54;1410;1442;4.9645;4.0915;0.7092;0.3467;0.3625;2.0454;0.0000;0.0693
14;89;1293;1559;4.4857;3.4638;0.2320;0.1283;0.1037;1.8086;0.0000;0.0000
15;44;1195;1657;4.6862;2.9572;0.6695;0.4828;0.1867;1.3866;0.0000;0.0604
