Anno;Posizione;Trigger;EstrazioniAttive;EstrazioniTotaliAnno;PctAnnoAttivo;2;3;4;5;5+1;6;Massimo
2009;1;29;39;79;49.3671;8;1;2;0;0;0;4
2009;2;81;36;79;45.5696;8;2;1;0;0;0;4
2009;3;72;49;79;62.0253;9;1;1;0;0;0;4
2009;4;62;36;79;45.5696;8;3;0;0;0;0;3
2009;5;54;36;79;45.5696;6;3;0;0;0;0;3
2009;6;06;36;79;45.5696;10;2;0;0;0;0;3
2009;7;45;46;79;58.2278;7;2;0;0;0;0;3
2009;8;43;31;79;39.2405;4;2;0;0;0;0;3
2009;9;73;40;79;50.6329;3;2;0;0;0;0;3
2009;10;27;30;79;37.9747;7;1;0;0;0;0;3
2009;11;39;29;79;36.7089;6;1;0;0;0;0;3
2009;12;35;34;79;43.0380;6;1;0;0;0;0;3
2009;13;89;26;79;32.9114;5;1;0;0;0;0;3
2009;14;64;22;79;27.8481;3;1;0;0;0;0;3
2009;15;44;30;79;37.9747;8;0;0;0;0;0;2
2010;1;35;52;156;33.3333;8;4;2;0;0;0;4
2010;2;54;115;156;73.7179;25;8;1;0;0;0;4
2010;3;62;79;156;50.6410;21;5;1;0;0;0;4
2010;4;72;50;156;32.0513;13;4;1;0;0;0;4
2010;5;64;94;156;60.2564;17;5;0;0;0;0;3
2010;6;29;51;156;32.6923;11;5;0;0;0;0;3
2010;7;89;52;156;33.3333;11;5;0;0;0;0;3
2010;8;27;53;156;33.9744;6;5;0;0;0;0;3
2010;9;44;59;156;37.8205;11;4;0;0;0;0;3
2010;10;39;57;156;36.5385;12;3;0;0;0;0;3
2010;11;81;41;156;26.2821;8;3;0;0;0;0;3
2010;12;45;84;156;53.8462;18;2;0;0;0;0;3
2010;13;73;49;156;31.4103;17;2;0;0;0;0;3
2010;14;06;90;156;57.6923;16;2;0;0;0;0;3
2010;15;43;71;156;45.5128;17;0;0;0;0;0;2
2011;1;29;82;157;52.2293;12;3;3;0;0;0;4
2011;2;35;109;157;69.4268;22;6;2;0;0;0;4
2011;3;27;65;157;41.4013;17;2;2;0;0;0;4
2011;4;81;72;157;45.8599;13;5;1;0;0;0;4
2011;5;54;112;157;71.3376;18;3;1;0;0;0;4
2011;6;06;80;157;50.9554;14;0;1;0;0;0;4
2011;7;89;57;157;36.3057;6;5;0;0;0;0;3
2011;8;62;89;157;56.6879;12;4;0;0;0;0;3
2011;9;72;79;157;50.3185;23;3;0;0;0;0;3
2011;10;64;50;157;31.8471;13;3;0;0;0;0;3
2011;11;44;74;157;47.1338;13;3;0;0;0;0;3
2011;12;45;103;157;65.6051;21;2;0;0;0;0;3
2011;13;73;27;157;17.1975;8;2;0;0;0;0;3
2011;14;43;89;157;56.6879;18;0;0;0;0;0;2
2011;15;39;54;157;34.3949;16;0;0;0;0;0;2
2012;1;73;64;156;41.0256;15;3;0;1;0;0;5
2012;2;43;65;156;41.6667;9;6;3;0;0;0;4
2012;3;45;51;156;32.6923;10;3;2;0;0;0;4
2012;4;81;76;156;48.7179;22;6;1;0;0;0;4
2012;5;06;94;156;60.2564;18;3;1;0;0;0;4
2012;6;62;92;156;58.9744;17;2;1;0;0;0;4
2012;7;54;82;156;52.5641;16;6;0;0;0;0;3
2012;8;27;88;156;56.4103;11;5;0;0;0;0;3
2012;9;72;60;156;38.4615;13;4;0;0;0;0;3
2012;10;39;93;156;59.6154;22;3;0;0;0;0;3
2012;11;64;57;156;36.5385;13;3;0;0;0;0;3
2012;12;89;93;156;59.6154;16;2;0;0;0;0;3
2012;13;44;66;156;42.3077;15;2;0;0;0;0;3
2012;14;29;61;156;39.1026;11;2;0;0;0;0;3
2012;15;35;62;156;39.7436;8;2;0;0;0;0;3
2013;1;44;52;157;33.1210;12;4;3;0;0;0;4
2013;2;39;111;157;70.7006;22;3;3;0;0;0;4
2013;3;73;76;157;48.4076;19;6;2;0;0;0;4
2013;4;81;96;157;61.1465;20;4;1;0;0;0;4
2013;5;72;64;157;40.7643;10;4;1;0;0;0;4
2013;6;27;93;157;59.2357;23;2;1;0;0;0;4
2013;7;43;82;157;52.2293;28;1;1;0;0;0;4
2013;8;64;102;157;64.9682;16;1;1;0;0;0;4
2013;9;89;89;157;56.6879;16;5;0;0;0;0;3
2013;10;62;75;157;47.7707;15;4;0;0;0;0;3
2013;11;54;86;157;54.7771;29;3;0;0;0;0;3
2013;12;06;80;157;50.9554;20;3;0;0;0;0;3
2013;13;35;87;157;55.4140;16;2;0;0;0;0;3
2013;14;45;45;157;28.6624;12;2;0;0;0;0;3
2013;15;29;42;157;26.7516;9;1;0;0;0;0;3
2014;1;73;97;156;62.1795;9;5;1;1;0;0;5
2014;2;64;88;156;56.4103;14;8;2;0;0;0;4
2014;3;62;102;156;65.3846;22;2;2;0;0;0;4
2014;4;72;60;156;38.4615;12;1;1;0;0;0;4
2014;5;39;87;156;55.7692;14;5;0;0;0;0;3
2014;6;44;50;156;32.0513;5;5;0;0;0;0;3
2014;7;35;49;156;31.4103;13;4;0;0;0;0;3
2014;8;29;63;156;40.3846;12;4;0;0;0;0;3
2014;9;45;113;156;72.4359;24;3;0;0;0;0;3
2014;10;54;75;156;48.0769;17;3;0;0;0;0;3
2014;11;06;68;156;43.5897;14;3;0;0;0;0;3
2014;12;89;66;156;42.3077;13;3;0;0;0;0;3
2014;13;27;63;156;40.3846;15;2;0;0;0;0;3
2014;14;81;70;156;44.8718;10;2;0;0;0;0;3
2014;15;43;69;156;44.2308;12;0;0;0;0;0;2
2015;1;45;89;157;56.6879;20;5;1;0;0;0;4
2015;2;72;52;157;33.1210;7;4;1;0;0;0;4
2015;3;81;92;157;58.5987;21;3;1;0;0;0;4
2015;4;43;50;157;31.8471;8;1;1;0;0;0;4
2015;5;44;80;157;50.9554;17;5;0;0;0;0;3
2015;6;39;83;157;52.8662;19;4;0;0;0;0;3
2015;7;29;74;157;47.1338;17;4;0;0;0;0;3
2015;8;35;63;157;40.1274;14;4;0;0;0;0;3
2015;9;54;64;157;40.7643;11;3;0;0;0;0;3
2015;10;89;68;157;43.3121;10;3;0;0;0;0;3
2015;11;64;20;157;12.7389;3;2;0;0;0;0;3
2015;12;62;79;157;50.3185;22;1;0;0;0;0;3
2015;13;27;62;157;39.4904;12;1;0;0;0;0;3
2015;14;06;75;157;47.7707;19;0;0;0;0;0;2
2015;15;73;72;157;45.8599;12;0;0;0;0;0;2
2016;1;62;59;157;37.5796;7;4;1;0;1;0;5+1
2016;2;27;46;157;29.2994;9;1;0;1;0;0;5
2016;3;29;98;157;62.4204;19;1;3;0;0;0;4
2016;4;43;74;157;47.1338;14;1;2;0;0;0;4
2016;5;54;87;157;55.4140;16;5;1;0;0;0;4
2016;6;45;97;157;61.7834;16;4;1;0;0;0;4
2016;7;64;50;157;31.8471;15;3;1;0;0;0;4
2016;8;72;81;157;51.5924;15;3;1;0;0;0;4
2016;9;39;57;157;36.3057;9;1;1;0;0;0;4
2016;10;44;75;157;47.7707;13;4;0;0;0;0;3
2016;11;89;66;157;42.0382;18;3;0;0;0;0;3
2016;12;35;66;157;42.0382;13;3;0;0;0;0;3
2016;13;81;87;157;55.4140;13;3;0;0;0;0;3
2016;14;06;64;157;40.7643;12;2;0;0;0;0;3
2016;15;73;51;157;32.4841;9;2;0;0;0;0;3
2017;1;45;109;156;69.8718;18;5;0;1;0;0;5
2017;2;64;79;156;50.6410;18;6;2;0;0;0;4
2017;3;35;82;156;52.5641;17;5;2;0;0;0;4
2017;4;06;110;156;70.5128;22;10;1;0;0;0;4
2017;5;54;69;156;44.2308;14;5;1;0;0;0;4
2017;6;62;70;156;44.8718;14;3;1;0;0;0;4
2017;7;81;84;156;53.8462;15;2;1;0;0;0;4
2017;8;43;42;156;26.9231;5;0;1;0;0;0;4
2017;9;89;55;156;35.2564;17;5;0;0;0;0;3
2017;10;27;78;156;50.0000;18;4;0;0;0;0;3
2017;11;39;69;156;44.2308;13;3;0;0;0;0;3
2017;12;44;68;156;43.5897;9;3;0;0;0;0;3
2017;13;73;77;156;49.3590;19;2;0;0;0;0;3
2017;14;72;69;156;44.2308;8;2;0;0;0;0;3
2017;15;29;57;156;36.5385;13;1;0;0;0;0;3
2018;1;39;106;156;67.9487;21;6;2;0;0;0;4
2018;2;29;74;156;47.4359;22;0;2;0;0;0;4
2018;3;27;84;156;53.8462;12;0;2;0;0;0;4
2018;4;72;96;156;61.5385;18;7;1;0;0;0;4
2018;5;89;92;156;58.9744;19;3;1;0;0;0;4
2018;6;44;86;156;55.1282;25;2;1;0;0;0;4
2018;7;06;84;156;53.8462;18;6;0;0;0;0;3
2018;8;35;57;156;36.5385;11;4;0;0;0;0;3
2018;9;54;60;156;38.4615;11;4;0;0;0;0;3
2018;10;73;64;156;41.0256;15;3;0;0;0;0;3
2018;11;62;80;156;51.2821;12;3;0;0;0;0;3
2018;12;43;87;156;55.7692;11;2;0;0;0;0;3
2018;13;45;89;156;57.0513;23;1;0;0;0;0;3
2018;14;81;93;156;59.6154;20;1;0;0;0;0;3
2018;15;64;87;156;55.7692;15;1;0;0;0;0;3
2019;1;72;70;157;44.5860;17;3;0;1;0;0;5
2019;2;64;64;157;40.7643;9;2;3;0;0;0;4
2019;3;89;71;157;45.2229;18;6;1;0;0;0;4
2019;4;35;71;157;45.2229;13;6;1;0;0;0;4
2019;5;06;53;157;33.7580;11;5;1;0;0;0;4
2019;6;54;73;157;46.4968;10;4;1;0;0;0;4
2019;7;62;71;157;45.2229;10;3;1;0;0;0;4
2019;8;39;47;157;29.9363;8;3;1;0;0;0;4
2019;9;43;94;157;59.8726;17;5;0;0;0;0;3
2019;10;81;42;157;26.7516;8;3;0;0;0;0;3
2019;11;29;77;157;49.0446;14;2;0;0;0;0;3
2019;12;27;39;157;24.8408;8;2;0;0;0;0;3
2019;13;73;54;157;34.3949;8;1;0;0;0;0;3
2019;14;44;38;157;24.2038;6;1;0;0;0;0;3
2019;15;45;63;157;40.1274;14;0;0;0;0;0;2
2020;1;73;74;139;53.2374;16;3;1;0;0;0;4
2020;2;29;89;139;64.0288;12;1;1;0;0;0;4
2020;3;45;89;139;64.0288;20;0;1;0;0;0;4
2020;4;72;40;139;28.7770;9;5;0;0;0;0;3
2020;5;06;70;139;50.3597;13;4;0;0;0;0;3
2020;6;44;56;139;40.2878;12;4;0;0;0;0;3
2020;7;62;76;139;54.6763;14;3;0;0;0;0;3
2020;8;54;54;139;38.8489;8;3;0;0;0;0;3
2020;9;43;55;139;39.5683;16;2;0;0;0;0;3
2020;10;81;63;139;45.3237;16;2;0;0;0;0;3
2020;11;39;77;139;55.3957;16;2;0;0;0;0;3
2020;12;35;90;139;64.7482;11;2;0;0;0;0;3
2020;13;64;56;139;40.2878;11;1;0;0;0;0;3
2020;14;89;62;139;44.6043;17;0;0;0;0;0;2
2020;15;27;26;139;18.7050;3;0;0;0;0;0;2
2021;1;64;71;156;45.5128;9;1;0;1;0;0;5
2021;2;43;85;156;54.4872;17;2;2;0;0;0;4
2021;3;45;93;156;59.6154;13;1;2;0;0;0;4
2021;4;81;76;156;48.7179;6;4;1;0;0;0;4
2021;5;27;78;156;50.0000;18;3;1;0;0;0;4
2021;6;62;94;156;60.2564;9;3;1;0;0;0;4
2021;7;06;67;156;42.9487;11;2;1;0;0;0;4
2021;8;72;96;156;61.5385;20;6;0;0;0;0;3
2021;9;89;112;156;71.7949;18;4;0;0;0;0;3
2021;10;29;43;156;27.5641;5;4;0;0;0;0;3
2021;11;35;48;156;30.7692;7;3;0;0;0;0;3
2021;12;44;83;156;53.2051;18;2;0;0;0;0;3
2021;13;54;72;156;46.1538;10;2;0;0;0;0;3
2021;14;73;80;156;51.2821;12;1;0;0;0;0;3
2021;15;39;73;156;46.7949;11;1;0;0;0;0;3
2022;1;81;100;157;63.6943;14;4;1;0;0;0;4
2022;2;39;100;157;63.6943;17;3;1;0;0;0;4
2022;3;43;82;157;52.2293;12;1;1;0;0;0;4
2022;4;64;65;157;41.4013;15;6;0;0;0;0;3
2022;5;06;87;157;55.4140;13;6;0;0;0;0;3
2022;6;73;79;157;50.3185;16;4;0;0;0;0;3
2022;7;27;81;157;51.5924;15;4;0;0;0;0;3
2022;8;35;81;157;51.5924;10;3;0;0;0;0;3
2022;9;29;60;157;38.2166;12;2;0;0;0;0;3
2022;10;44;82;157;52.2293;9;2;0;0;0;0;3
2022;11;54;71;157;45.2229;17;1;0;0;0;0;3
2022;12;62;73;157;46.4968;15;1;0;0;0;0;3
2022;13;89;68;157;43.3121;14;1;0;0;0;0;3
2022;14;45;47;157;29.9363;12;1;0;0;0;0;3
2022;15;72;67;157;42.6752;11;1;0;0;0;0;3
2023;1;06;118;182;64.8352;16;5;1;1;0;0;5
2023;2;54;97;182;53.2967;17;5;2;0;0;0;4
2023;3;72;80;182;43.9560;15;5;1;0;0;0;4
2023;4;27;75;182;41.2088;14;4;1;0;0;0;4
2023;5;89;86;182;47.2527;15;2;1;0;0;0;4
2023;6;81;91;182;50.0000;18;0;1;0;0;0;4
2023;7;62;74;182;40.6593;12;4;0;0;0;0;3
2023;8;45;87;182;47.8022;9;4;0;0;0;0;3
2023;9;73;106;182;58.2418;18;3;0;0;0;0;3
2023;10;64;95;182;52.1978;14;3;0;0;0;0;3
2023;11;43;71;182;39.0110;13;2;0;0;0;0;3
2023;12;35;61;182;33.5165;8;2;0;0;0;0;3
2023;13;44;54;182;29.6703;4;2;0;0;0;0;3
2023;14;29;77;182;42.3077;15;0;0;0;0;0;2
2023;15;39;89;182;48.9011;15;0;0;0;0;0;2
2024;1;73;124;208;59.6154;18;3;3;0;0;0;4
2024;2;81;104;208;50.0000;16;3;3;0;0;0;4
2024;3;72;115;208;55.2885;19;6;1;0;0;0;4
2024;4;45;119;208;57.2115;13;6;1;0;0;0;4
2024;5;39;115;208;55.2885;11;5;1;0;0;0;4
2024;6;43;134;208;64.4231;24;4;1;0;0;0;4
2024;7;06;124;208;59.6154;18;4;1;0;0;0;4
2024;8;64;100;208;48.0769;13;2;1;0;0;0;4
2024;9;44;88;208;42.3077;21;1;1;0;0;0;4
2024;10;62;81;208;38.9423;15;1;1;0;0;0;4
2024;11;54;111;208;53.3654;13;1;1;0;0;0;4
2024;12;29;83;208;39.9038;13;6;0;0;0;0;3
2024;13;27;110;208;52.8846;18;5;0;0;0;0;3
2024;14;89;92;208;44.2308;19;0;0;0;0;0;2
2024;15;35;78;208;37.5000;13;0;0;0;0;0;2
2025;1;44;94;208;45.1923;20;3;3;0;0;0;4
2025;2;39;67;208;32.2115;8;1;2;0;0;0;4
2025;3;54;88;208;42.3077;19;0;2;0;0;0;4
2025;4;35;120;208;57.6923;17;10;1;0;0;0;4
2025;5;73;120;208;57.6923;18;4;1;0;0;0;4
2025;6;72;89;208;42.7885;13;4;1;0;0;0;4
2025;7;62;120;208;57.6923;15;3;1;0;0;0;4
2025;8;64;72;208;34.6154;14;3;1;0;0;0;4
2025;9;81;109;208;52.4038;28;4;0;0;0;0;3
2025;10;06;92;208;44.2308;18;4;0;0;0;0;3
2025;11;89;68;208;32.6923;12;3;0;0;0;0;3
2025;12;29;98;208;47.1154;20;2;0;0;0;0;3
2025;13;45;90;208;43.2692;15;2;0;0;0;0;3
2025;14;43;95;208;45.6731;11;2;0;0;0;0;3
2025;15;27;69;208;33.1731;14;0;0;0;0;0;2
2026;1;29;95;158;60.1266;20;6;5;1;0;0;5
2026;2;62;73;158;46.2025;10;2;2;0;0;0;4
2026;3;45;106;158;67.0886;20;0;2;0;0;0;4
2026;4;73;69;158;43.6709;13;4;1;0;0;0;4
2026;5;43;82;158;51.8987;13;4;1;0;0;0;4
2026;6;72;87;158;55.0633;15;2;1;0;0;0;4
2026;7;06;83;158;52.5316;12;2;1;0;0;0;4
2026;8;35;60;158;37.9747;9;1;1;0;0;0;4
2026;9;39;94;158;59.4937;20;5;0;0;0;0;3
2026;10;81;78;158;49.3671;13;5;0;0;0;0;3
2026;11;89;70;158;44.3038;9;4;0;0;0;0;3
2026;12;64;89;158;56.3291;18;3;0;0;0;0;3
2026;13;27;66;158;41.7722;12;3;0;0;0;0;3
2026;14;54;58;158;36.7089;12;1;0;0;0;0;3
2026;15;44;60;158;37.9747;5;1;0;0;0;0;3
